,Manufacturer,Model,Release,Hashrate,Power,Algorithm,Profit,Efficiency,
,Bitdeer,Bitdeer SealMiner A4 Ultra Hydro ( 886 Th ) SealMiner A4 Ultra Hydro ( 886 Th ),May 2026,886 Th/s,8372 W,SHA-256,$13.59 /day,9.449j/Th,$13.59 /day Add to Wish list Add to My Rig View favorites Bitdeer SealMiner A4 Ultra Hydro Bitcoin 886Th/s SHA-256 8372W 9.449j/Th Release date May 2026 Hashrate 886 Th/s Power 8372 W Algorithm SHA-256 Top Coin Profit $13.59 /day
,Bitmain,Bitmain Antminer S23 Hyd 3U ( 1.16 Ph ) Antminer S23 Hyd 3U ( 1.16 Ph ),Jan 2026,1.16 Ph/s,11020 W,SHA-256,$17.65 /day,9.5j/Th,$17.65 /day Add to Wish list Add to My Rig View favorites Bitmain Antminer S23 Hyd 3U Bitcoin 1.16Ph/s SHA-256 11020W 9.5j/Th Release date Jan 2026 Hashrate 1.16 Ph/s Power 11020 W Algorithm SHA-256 Top Coin Profit $17.65 /day
,Bitmain,Bitmain Antminer S23 Hyd ( 580 Th ) Antminer S23 Hyd ( 580 Th ),Jan 2026,580 Th/s,5510 W,SHA-256,$8.83 /day,9.5j/Th,$8.83 /day Add to Wish list Add to My Rig View favorites Bitmain Antminer S23 Hyd Bitcoin 580Th/s SHA-256 5510W 9.5j/Th Release date Jan 2026 Hashrate 580 Th/s Power 5510 W Algorithm SHA-256 Top Coin Profit $8.83 /day
,Bitmain,Bitmain Antminer S23e Hyd 2U ( 865 Th ) Antminer S23e Hyd 2U ( 865 Th ),Apr 2026,865 Th/s,8650 W,SHA-256,$12.12 /day,10j/Th,$12.12 /day Add to Wish list Add to My Rig View favorites Bitmain Antminer S23e Hyd 2U Bitcoin 865Th/s SHA-256 8650W 10j/Th Release date Apr 2026 Hashrate 865 Th/s Power 8650 W Algorithm SHA-256 Top Coin Profit $12.12 /day
,Bitdeer,Bitdeer SealMiner A4 Pro Air ( 336 Th ) SealMiner A4 Pro Air ( 336 Th ),May 2026,336 Th/s,3662 W,SHA-256,$3.98 /day,10.899j/Th,$3.98 /day Add to Wish list Add to My Rig View favorites Bitdeer SealMiner A4 Pro Air Bitcoin 336Th/s SHA-256 3662W 10.899j/Th Release date May 2026 Hashrate 336 Th/s Power 3662 W Algorithm SHA-256 Top Coin Profit $3.98 /day
,Bitdeer,Bitdeer SealMiner A4 Pro Hydro ( 680 Th ) SealMiner A4 Pro Hydro ( 680 Th ),May 2026,680 Th/s,7412 W,SHA-256,$8.06 /day,10.9j/Th,$8.06 /day Add to Wish list Add to My Rig View favorites Bitdeer SealMiner A4 Pro Hydro Bitcoin 680Th/s SHA-256 7412W 10.9j/Th Release date May 2026 Hashrate 680 Th/s Power 7412 W Algorithm SHA-256 Top Coin Profit $8.06 /day
,Bitmain,Bitmain Antminer S23 ( 318 Th ) Antminer S23 ( 318 Th ),Jan 2026,318 Th/s,3498 W,SHA-256,$3.69 /day,11j/Th,$3.69 /day Add to Wish list Add to My Rig View favorites Bitmain Antminer S23 Bitcoin 318Th/s SHA-256 3498W 11j/Th Release date Jan 2026 Hashrate 318 Th/s Power 3498 W Algorithm SHA-256 Top Coin Profit $3.69 /day
,Bitmain,Bitmain Antminer S21 XP+ Hyd ( 500 Th ) Antminer S21 XP+ Hyd ( 500 Th ),Jul 2025,500 Th/s,5500 W,SHA-256,$5.81 /day,11j/Th,$5.81 /day Add to Wish list Add to My Rig View favorites Bitmain Antminer S21 XP+ Hyd Bitcoin 500Th/s SHA-256 5500W 11j/Th Release date Jul 2025 Hashrate 500 Th/s Power 5500 W Algorithm SHA-256 Top Coin Profit $5.81 /day
,Bitaxe,Bitaxe Gamma 602 ( 1.3 Th ) Gamma 602 ( 1.3 Th ),Feb 2026,1.3 Th/s,15 W,SHA-256,$0.01 /day,0.012j/Gh,1 in 13879 /year Add to Wish list Add to My Rig View favorites Bitaxe Gamma 602 Bitcoin 1.3Th/s SHA-256 15W 0.012j/Gh Release date Feb 2026 Hashrate 1.3 Th/s Power 15 W Algorithm SHA-256 Top Coin Profit $0.01 /day
,Bitmain,Bitmain Antminer S21 XP Hyd ( 473 Th ) Antminer S21 XP Hyd ( 473 Th ),Oct 2024,473 Th/s,5676 W,SHA-256,$4.36 /day,12j/Th,$4.36 /day Add to Wish list Add to My Rig View favorites Bitmain Antminer S21 XP Hyd Bitcoin 473Th/s SHA-256 5676W 12j/Th Release date Oct 2024 Hashrate 473 Th/s Power 5676 W Algorithm SHA-256 Top Coin Profit $4.36 /day
,Bitmain,Bitmain Antminer S23 Imm. ( 442 Th ) Antminer S23 Imm. ( 442 Th ),Jan 2026,442 Th/s,5304 W,SHA-256,$4.07 /day,12j/Th,$4.07 /day Add to Wish list Add to My Rig View favorites Bitmain Antminer S23 Imm. Bitcoin 442Th/s SHA-256 5304W 12j/Th Release date Jan 2026 Hashrate 442 Th/s Power 5304 W Algorithm SHA-256 Top Coin Profit $4.07 /day
,Bitmain,Bitmain Antminer S21j XP Hyd ( 495 Th ) Antminer S21j XP Hyd ( 495 Th ),Mar 2026,495 Th/s,5940 W,SHA-256,$4.56 /day,12j/Th,$4.56 /day Add to Wish list Add to My Rig View favorites Bitmain Antminer S21j XP Hyd Bitcoin 495Th/s SHA-256 5940W 12j/Th Release date Mar 2026 Hashrate 495 Th/s Power 5940 W Algorithm SHA-256 Top Coin Profit $4.56 /day
,Bitdeer,Bitdeer SealMiner A3 Pro Air ( 290 Th ) SealMiner A3 Pro Air ( 290 Th ),Sep 2025,290 Th/s,3625 W,SHA-256,$2.32 /day,12.5j/Th,$2.32 /day Add to Wish list Add to My Rig View favorites Bitdeer SealMiner A3 Pro Air Bitcoin 290Th/s SHA-256 3625W 12.5j/Th Release date Sep 2025 Hashrate 290 Th/s Power 3625 W Algorithm SHA-256 Top Coin Profit $2.32 /day
,Bitdeer,Bitdeer SealMiner A3 Pro Hydro ( 660 Th ) SealMiner A3 Pro Hydro ( 660 Th ),Sep 2025,660 Th/s,8250 W,SHA-256,$5.29 /day,12.5j/Th,$5.29 /day Add to Wish list Add to My Rig View favorites Bitdeer SealMiner A3 Pro Hydro Bitcoin 660Th/s SHA-256 8250W 12.5j/Th Release date Sep 2025 Hashrate 660 Th/s Power 8250 W Algorithm SHA-256 Top Coin Profit $5.29 /day
,Canaan,Canaan Avalon A16XP-300T ( 300 Th ) Avalon A16XP-300T ( 300 Th ),Apr 2026,300 Th/s,3850 W,SHA-256,$2.17 /day,12.833j/Th,$2.17 /day Add to Wish list Add to My Rig View favorites Canaan Avalon A16XP-300T Bitcoin 300Th/s SHA-256 3850W 12.833j/Th Release date Apr 2026 Hashrate 300 Th/s Power 3850 W Algorithm SHA-256 Top Coin Profit $2.17 /day
,MicroBT,MicroBT WhatsMiner M70S+ ( 244 Th ) WhatsMiner M70S+ ( 244 Th ),Dec 2025,244 Th/s,3140 W,SHA-256,$1.74 /day,12.869j/Th,$1.74 /day Add to Wish list Add to My Rig View favorites MicroBT WhatsMiner M70S+ Bitcoin 244Th/s SHA-256 3140W 12.869j/Th Release date Dec 2025 Hashrate 244 Th/s Power 3140 W Algorithm SHA-256 Top Coin Profit $1.74 /day
,Bitmain,Bitmain Antminer S21e XP Hyd ( 430 Th ) Antminer S21e XP Hyd ( 430 Th ),Nov 2024,430 Th/s,5590 W,SHA-256,$2.93 /day,13j/Th,$2.93 /day Add to Wish list Add to My Rig View favorites Bitmain Antminer S21e XP Hyd Bitcoin 430Th/s SHA-256 5590W 13j/Th Release date Nov 2024 Hashrate 430 Th/s Power 5590 W Algorithm SHA-256 Top Coin Profit $2.93 /day
,Bitmain,Bitmain Antminer S21e XP Hyd 3U ( 860 Th ) Antminer S21e XP Hyd 3U ( 860 Th ),Jan 2025,860 Th/s,11180 W,SHA-256,$5.86 /day,13j/Th,$5.86 /day Add to Wish list Add to My Rig View favorites Bitmain Antminer S21e XP Hyd 3U Bitcoin 860Th/s SHA-256 11180W 13j/Th Release date Jan 2025 Hashrate 860 Th/s Power 11180 W Algorithm SHA-256 Top Coin Profit $5.86 /day
,MicroBT,MicroBT WhatsMiner M73S+ ( 540 Th ) WhatsMiner M73S+ ( 540 Th ),Dec 2025,540 Th/s,7200 W,SHA-256,$3.25 /day,13.333j/Th,$3.25 /day Add to Wish list Add to My Rig View favorites MicroBT WhatsMiner M73S+ Bitcoin 540Th/s SHA-256 7200W 13.333j/Th Release date Dec 2025 Hashrate 540 Th/s Power 7200 W Algorithm SHA-256 Top Coin Profit $3.25 /day
,MicroBT,MicroBT WhatsMiner M76S+ ( 390 Th ) WhatsMiner M76S+ ( 390 Th ),Dec 2025,390 Th/s,5200 W,SHA-256,$2.35 /day,13.333j/Th,$2.35 /day Add to Wish list Add to My Rig View favorites MicroBT WhatsMiner M76S+ Bitcoin 390Th/s SHA-256 5200W 13.333j/Th Release date Dec 2025 Hashrate 390 Th/s Power 5200 W Algorithm SHA-256 Top Coin Profit $2.35 /day
,Bitdeer,Bitdeer SealMiner A3 Hydro ( 500 Th ) SealMiner A3 Hydro ( 500 Th ),Sep 2025,500 Th/s,6750 W,SHA-256,$2.81 /day,13.5j/Th,$2.81 /day Add to Wish list Add to My Rig View favorites Bitdeer SealMiner A3 Hydro Bitcoin 500Th/s SHA-256 6750W 13.5j/Th Release date Sep 2025 Hashrate 500 Th/s Power 6750 W Algorithm SHA-256 Top Coin Profit $2.81 /day
,Bitmain,Bitmain Antminer S21 XP Imm. ( 300 Th ) Antminer S21 XP Imm. ( 300 Th ),Sep 2024,300 Th/s,4050 W,SHA-256,$1.69 /day,13.5j/Th,$1.69 /day Add to Wish list Add to My Rig View favorites Bitmain Antminer S21 XP Imm. Bitcoin 300Th/s SHA-256 4050W 13.5j/Th Release date Sep 2024 Hashrate 300 Th/s Power 4050 W Algorithm SHA-256 Top Coin Profit $1.69 /day
,Bitmain,Bitmain Antminer S21 XP ( 270 Th ) Antminer S21 XP ( 270 Th ),Sep 2024,270 Th/s,3645 W,SHA-256,$1.52 /day,13.5j/Th,$1.52 /day Add to Wish list Add to My Rig View favorites Bitmain Antminer S21 XP Bitcoin 270Th/s SHA-256 3645W 13.5j/Th Release date Sep 2024 Hashrate 270 Th/s Power 3645 W Algorithm SHA-256 Top Coin Profit $1.52 /day
,MicroBT,MicroBT WhatsMiner M7DS ( 680 Th ) WhatsMiner M7DS ( 680 Th ),Mar 2026,680 Th/s,9200 W,SHA-256,$3.77 /day,13.529j/Th,$3.77 /day Add to Wish list Add to My Rig View favorites MicroBT WhatsMiner M7DS Bitcoin 680Th/s SHA-256 9200W 13.529j/Th Release date Mar 2026 Hashrate 680 Th/s Power 9200 W Algorithm SHA-256 Top Coin Profit $3.77 /day
,Bitaxe,Bitaxe Touch ( 1.6 Th ) Touch ( 1.6 Th ),Dec 2024,1.6 Th/s,22 W,SHA-256,$0.01 /day,0.014j/Gh,1 in 11277 /year Add to Wish list Add to My Rig View favorites Bitaxe Touch Bitcoin 1.6Th/s SHA-256 22W 0.014j/Gh Release date Dec 2024 Hashrate 1.6 Th/s Power 22 W Algorithm SHA-256 Top Coin Profit $0.01 /day
,Canaan,Canaan Avalon A16-282T ( 282 Th ) Avalon A16-282T ( 282 Th ),Mar 2026,282 Th/s,3900 W,SHA-256,$1.36 /day,13.83j/Th,$1.36 /day Add to Wish list Add to My Rig View favorites Canaan Avalon A16-282T Bitcoin 282Th/s SHA-256 3900W 13.83j/Th Release date Mar 2026 Hashrate 282 Th/s Power 3900 W Algorithm SHA-256 Top Coin Profit $1.36 /day
,MicroBT,MicroBT WhatsMiner M78S ( 472 Th ) WhatsMiner M78S ( 472 Th ),Dec 2025,472 Th/s,6550 W,SHA-256,$2.22 /day,13.877j/Th,$2.22 /day Add to Wish list Add to My Rig View favorites MicroBT WhatsMiner M78S Bitcoin 472Th/s SHA-256 6550W 13.877j/Th Release date Dec 2025 Hashrate 472 Th/s Power 6550 W Algorithm SHA-256 Top Coin Profit $2.22 /day
,MicroBT,MicroBT WhatsMiner M70S ( 226 Th ) WhatsMiner M70S ( 226 Th ),Dec 2025,226 Th/s,3140 W,SHA-256,$1.06 /day,13.894j/Th,$1.06 /day Add to Wish list Add to My Rig View favorites MicroBT WhatsMiner M70S Bitcoin 226Th/s SHA-256 3140W 13.894j/Th Release date Dec 2025 Hashrate 226 Th/s Power 3140 W Algorithm SHA-256 Top Coin Profit $1.06 /day
,Bitdeer,Bitdeer SealMiner A3 Air ( 260 Th ) SealMiner A3 Air ( 260 Th ),Sep 2025,260 Th/s,3640 W,SHA-256,$1.15 /day,14j/Th,$1.15 /day Add to Wish list Add to My Rig View favorites Bitdeer SealMiner A3 Air Bitcoin 260Th/s SHA-256 3640W 14j/Th Release date Sep 2025 Hashrate 260 Th/s Power 3640 W Algorithm SHA-256 Top Coin Profit $1.15 /day
,Bitaxe,Bitaxe Gamma 601 ( 1.2 Th ) Gamma 601 ( 1.2 Th ),Aug 2024,1.2 Th/s,17 W,SHA-256,$0.00 /day,0.014j/Gh,1 in 15035 /year Add to Wish list Add to My Rig View favorites Bitaxe Gamma 601 Bitcoin 1.2Th/s SHA-256 17W 0.014j/Gh Release date Aug 2024 Hashrate 1.2 Th/s Power 17 W Algorithm SHA-256 Top Coin Profit $0.00 /day
,MicroBT,MicroBT WhatsMiner M76S ( 362 Th ) WhatsMiner M76S ( 362 Th ),Dec 2025,362 Th/s,5200 W,SHA-256,$1.28 /day,14.365j/Th,$1.28 /day Add to Wish list Add to My Rig View favorites MicroBT WhatsMiner M76S Bitcoin 362Th/s SHA-256 5200W 14.365j/Th Release date Dec 2025 Hashrate 362 Th/s Power 5200 W Algorithm SHA-256 Top Coin Profit $1.28 /day
,MicroBT,MicroBT WhatsMiner M73S ( 500 Th ) WhatsMiner M73S ( 500 Th ),Dec 2025,500 Th/s,7200 W,SHA-256,$1.73 /day,14.4j/Th,$1.73 /day Add to Wish list Add to My Rig View favorites MicroBT WhatsMiner M73S Bitcoin 500Th/s SHA-256 7200W 14.4j/Th Release date Dec 2025 Hashrate 500 Th/s Power 7200 W Algorithm SHA-256 Top Coin Profit $1.73 /day
,MicroBT,MicroBT WhatsMiner M7D ( 634 Th ) WhatsMiner M7D ( 634 Th ),Mar 2026,634 Th/s,9200 W,SHA-256,$2.02 /day,14.511j/Th,$2.02 /day Add to Wish list Add to My Rig View favorites MicroBT WhatsMiner M7D Bitcoin 634Th/s SHA-256 9200W 14.511j/Th Release date Mar 2026 Hashrate 634 Th/s Power 9200 W Algorithm SHA-256 Top Coin Profit $2.02 /day
,Bitaxe,Bitaxe Gamma Turbo ( 2.4 Th ) Gamma Turbo ( 2.4 Th ),Mar 2025,2.4 Th/s,35 W,SHA-256,$0.01 /day,0.015j/Gh,1 in 7518 /year Add to Wish list Add to My Rig View favorites Bitaxe Gamma Turbo Bitcoin 2.4Th/s SHA-256 35W 0.015j/Gh Release date Mar 2025 Hashrate 2.4 Th/s Power 35 W Algorithm SHA-256 Top Coin Profit $0.01 /day
,Proto,Proto Rig ( 819 Th ) Rig ( 819 Th ),Sep 2025,819 Th/s,12000 W,SHA-256,$2.34 /day,14.652j/Th,$2.34 /day Add to Wish list Add to My Rig View favorites Proto Rig Bitcoin 819Th/s SHA-256 12000W 14.652j/Th Release date Sep 2025 Hashrate 819 Th/s Power 12000 W Algorithm SHA-256 Top Coin Profit $2.34 /day
,MicroBT,MicroBT WhatsMiner M70 ( 214 Th ) WhatsMiner M70 ( 214 Th ),Dec 2025,214 Th/s,3140 W,SHA-256,$0.60 /day,14.673j/Th,$0.60 /day Add to Wish list Add to My Rig View favorites MicroBT WhatsMiner M70 Bitcoin 214Th/s SHA-256 3140W 14.673j/Th Release date Dec 2025 Hashrate 214 Th/s Power 3140 W Algorithm SHA-256 Top Coin Profit $0.60 /day
,Fluminer,Fluminer T3 ( 115 Th ) T3 ( 115 Th ),Aug 2025,115 Th/s,1700 W,SHA-256,$0.29 /day,14.783j/Th,$0.29 /day Add to Wish list Add to My Rig View favorites Fluminer T3 Bitcoin 115Th/s SHA-256 1700W 14.783j/Th Release date Aug 2025 Hashrate 115 Th/s Power 1700 W Algorithm SHA-256 Top Coin Profit $0.29 /day
,MicroBT,MicroBT WhatsMiner M79S ( 1.35 Ph ) WhatsMiner M79S ( 1.35 Ph ),Dec 2025,1.35 Ph/s,20000 W,SHA-256,$3.32 /day,14.815j/Th,$3.32 /day Add to Wish list Add to My Rig View favorites MicroBT WhatsMiner M79S Bitcoin 1.35Ph/s SHA-256 20000W 14.815j/Th Release date Dec 2025 Hashrate 1.35 Ph/s Power 20000 W Algorithm SHA-256 Top Coin Profit $3.32 /day
,Bitdeer,Bitdeer SealMiner A2 Pro Air ( 255 Th ) SealMiner A2 Pro Air ( 255 Th ),Mar 2025,255 Th/s,3790 W,SHA-256,$0.60 /day,14.863j/Th,$0.60 /day Add to Wish list Add to My Rig View favorites Bitdeer SealMiner A2 Pro Air Bitcoin 255Th/s SHA-256 3790W 14.863j/Th Release date Mar 2025 Hashrate 255 Th/s Power 3790 W Algorithm SHA-256 Top Coin Profit $0.60 /day
,Bitdeer,Bitdeer SealMiner A2 Pro Hyd ( 500 Th ) SealMiner A2 Pro Hyd ( 500 Th ),Mar 2025,500 Th/s,7450 W,SHA-256,$1.13 /day,14.9j/Th,$1.13 /day Add to Wish list Add to My Rig View favorites Bitdeer SealMiner A2 Pro Hyd Bitcoin 500Th/s SHA-256 7450W 14.9j/Th Release date Mar 2025 Hashrate 500 Th/s Power 7450 W Algorithm SHA-256 Top Coin Profit $1.13 /day
,Bitmain,Bitmain Antminer S21 Pro ( 234 Th ) Antminer S21 Pro ( 234 Th ),Jun 2024,234 Th/s,3510 W,SHA-256,$0.47 /day,15j/Th,$0.47 /day Add to Wish list Add to My Rig View favorites Bitmain Antminer S21 Pro Bitcoin 234Th/s SHA-256 3510W 15j/Th Release date Jun 2024 Hashrate 234 Th/s Power 3510 W Algorithm SHA-256 Top Coin Profit $0.47 /day
,Bitmain,Bitmain Antminer S21+ Hyd ( 319 Th ) Antminer S21+ Hyd ( 319 Th ),Feb 2025,319 Th/s,4785 W,SHA-256,$0.64 /day,15j/Th,$0.64 /day Add to Wish list Add to My Rig View favorites Bitmain Antminer S21+ Hyd Bitcoin 319Th/s SHA-256 4785W 15j/Th Release date Feb 2025 Hashrate 319 Th/s Power 4785 W Algorithm SHA-256 Top Coin Profit $0.64 /day
,Bitmain,Bitmain Antminer S21+ Hyd ( 358 Th ) Antminer S21+ Hyd ( 358 Th ),Aug 2025,358 Th/s,5370 W,SHA-256,$0.72 /day,15j/Th,$0.72 /day Add to Wish list Add to My Rig View favorites Bitmain Antminer S21+ Hyd Bitcoin 358Th/s SHA-256 5370W 15j/Th Release date Aug 2025 Hashrate 358 Th/s Power 5370 W Algorithm SHA-256 Top Coin Profit $0.72 /day
,Digital Shovel,Digital Shovel BluAx ( 1.2 Th ) BluAx ( 1.2 Th ),Jul 2025,1.2 Th/s,18 W,SHA-256,$0.00 /day,0.015j/Gh,1 in 15035 /year Add to Wish list Add to My Rig View favorites Digital Shovel BluAx Bitcoin 1.2Th/s SHA-256 18W 0.015j/Gh Release date Jul 2025 Hashrate 1.2 Th/s Power 18 W Algorithm SHA-256 Top Coin Profit $0.00 /day
,Bitmain,Bitmain Antminer S21 Pro ( 245 Th ) Antminer S21 Pro ( 245 Th ),Nov 2025,245 Th/s,3510 W,SHA-256,$0.49 /day,15j/Th,$0.49 /day Add to Wish list Add to My Rig View favorites Bitmain Antminer S21 Pro Bitcoin 245Th/s SHA-256 3510W 15j/Th Release date Nov 2025 Hashrate 245 Th/s Power 3510 W Algorithm SHA-256 Top Coin Profit $0.49 /day
,MicroBT,MicroBT WhatsMiner M72S ( 264 Th ) WhatsMiner M72S ( 264 Th ),Dec 2025,264 Th/s,4000 W,SHA-256,$0.44 /day,15.152j/Th,$0.44 /day Add to Wish list Add to My Rig View favorites MicroBT WhatsMiner M72S Bitcoin 264Th/s SHA-256 4000W 15.152j/Th Release date Dec 2025 Hashrate 264 Th/s Power 4000 W Algorithm SHA-256 Top Coin Profit $0.44 /day
,MicroBT,MicroBT WhatsMiner M73 ( 470 Th ) WhatsMiner M73 ( 470 Th ),Dec 2025,470 Th/s,7200 W,SHA-256,$0.59 /day,15.319j/Th,$0.59 /day Add to Wish list Add to My Rig View favorites MicroBT WhatsMiner M73 Bitcoin 470Th/s SHA-256 7200W 15.319j/Th Release date Dec 2025 Hashrate 470 Th/s Power 7200 W Algorithm SHA-256 Top Coin Profit $0.59 /day
,MicroBT,MicroBT WhatsMiner M76 ( 336 Th ) WhatsMiner M76 ( 336 Th ),Dec 2025,336 Th/s,5200 W,SHA-256,$0.29 /day,15.476j/Th,$0.29 /day Add to Wish list Add to My Rig View favorites MicroBT WhatsMiner M76 Bitcoin 336Th/s SHA-256 5200W 15.476j/Th Release date Dec 2025 Hashrate 336 Th/s Power 5200 W Algorithm SHA-256 Top Coin Profit $0.29 /day
,MicroBT,MicroBT WhatsMiner M66S++ ( 356 Th ) WhatsMiner M66S++ ( 356 Th ),Dec 2024,356 Th/s,5518 W,SHA-256,$0.29 /day,15.5j/Th,$0.29 /day Add to Wish list Add to My Rig View favorites MicroBT WhatsMiner M66S++ Bitcoin 356Th/s SHA-256 5518W 15.5j/Th Release date Dec 2024 Hashrate 356 Th/s Power 5518 W Algorithm SHA-256 Top Coin Profit $0.29 /day
,MicroBT,MicroBT WhatsMiner M63S++ ( 464 Th ) WhatsMiner M63S++ ( 464 Th ),Dec 2024,464 Th/s,7200 W,SHA-256,$0.36 /day,15.517j/Th,$0.36 /day Add to Wish list Add to My Rig View favorites MicroBT WhatsMiner M63S++ Bitcoin 464Th/s SHA-256 7200W 15.517j/Th Release date Dec 2024 Hashrate 464 Th/s Power 7200 W Algorithm SHA-256 Top Coin Profit $0.36 /day
,MicroBT,MicroBT WhatsMiner M6DS++ ( 592 Th ) WhatsMiner M6DS++ ( 592 Th ),Mar 2026,592 Th/s,9200 W,SHA-256,$0.43 /day,15.541j/Th,$0.43 /day Add to Wish list Add to My Rig View favorites MicroBT WhatsMiner M6DS++ Bitcoin 592Th/s SHA-256 9200W 15.541j/Th Release date Mar 2026 Hashrate 592 Th/s Power 9200 W Algorithm SHA-256 Top Coin Profit $0.43 /day
,MicroBT,MicroBT WhatsMiner M79 ( 920 Th ) WhatsMiner M79 ( 920 Th ),Jan 2026,920 Th/s,14500 W,SHA-256,$0.18 /day,15.761j/Th,$0.18 /day Add to Wish list Add to My Rig View favorites MicroBT WhatsMiner M79 Bitcoin 920Th/s SHA-256 14500W 15.761j/Th Release date Jan 2026 Hashrate 920 Th/s Power 14500 W Algorithm SHA-256 Top Coin Profit $0.18 /day
,NerdMiner,NerdMiner NerdQaxe++ Hydro ( 4.8 Th ) NerdQaxe++ Hydro ( 4.8 Th ),Feb 2026,4.8 Th/s,76 W,SHA-256,$0.00 /day,0.016j/Gh,1 in 3759 /year Add to Wish list Add to My Rig View favorites NerdMiner NerdQaxe++ Hydro Bitcoin 4.8Th/s SHA-256 76W 0.016j/Gh Release date Feb 2026 Hashrate 4.8 Th/s Power 76 W Algorithm SHA-256 Top Coin Profit $0.00 /day
,NerdMiner,NerdMiner NerdQaxe++ ( 4.8 Th ) NerdQaxe++ ( 4.8 Th ),Mar 2025,4.8 Th/s,76 W,SHA-256,$0.00 /day,0.016j/Gh,1 in 3759 /year Add to Wish list Add to My Rig View favorites NerdMiner NerdQaxe++ Bitcoin 4.8Th/s SHA-256 76W 0.016j/Gh Release date Mar 2025 Hashrate 4.8 Th/s Power 76 W Algorithm SHA-256 Top Coin Profit $0.00 /day
,MicroBT,MicroBT WhatsMiner M60S++ ( 226 Th ) WhatsMiner M60S++ ( 226 Th ),Dec 2024,226 Th/s,3600 W,SHA-256,-$0.05 /day,15.929j/Th,-$0.05 /day Add to Wish list Add to My Rig View favorites MicroBT WhatsMiner M60S++ Bitcoin 226Th/s SHA-256 3600W 15.929j/Th Release date Dec 2024 Hashrate 226 Th/s Power 3600 W Algorithm SHA-256 Top Coin Profit -$0.05 /day
,Bitaxe,Bitaxe Gamma Duo 650 ( 1.63 Th ) Gamma Duo 650 ( 1.63 Th ),Feb 2026,1.63 Th/s,26 W,SHA-256,-$0.00 /day,0.016j/Gh,1 in 11069 /year Add to Wish list Add to My Rig View favorites Bitaxe Gamma Duo 650 Bitcoin 1.63Th/s SHA-256 26W 0.016j/Gh Release date Feb 2026 Hashrate 1.63 Th/s Power 26 W Algorithm SHA-256 Top Coin Profit -$0.00 /day
,Auradine,Auradine Teraflux AT2880 ( 180 Th ) Teraflux AT2880 ( 180 Th ),Nov 2024,180 Th/s,4680 W,SHA-256,-$0.07 /day,16j/Th,-$0.07 /day Add to Wish list Add to My Rig View favorites Auradine Teraflux AT2880 Bitcoin 180Th/s SHA-256 4680W 16j/Th Release date Nov 2024 Hashrate 180 Th/s Power 4680 W Algorithm SHA-256 Top Coin Profit -$0.07 /day
,Bitmain,Bitmain Antminer S21 Hyd ( 335 Th ) Antminer S21 Hyd ( 335 Th ),Jan 2024,335 Th/s,5360 W,SHA-256,-$0.13 /day,16j/Th,-$0.13 /day Add to Wish list Add to My Rig View favorites Bitmain Antminer S21 Hyd Bitcoin 335Th/s SHA-256 5360W 16j/Th Release date Jan 2024 Hashrate 335 Th/s Power 5360 W Algorithm SHA-256 Top Coin Profit -$0.13 /day
,Bitmain,Bitmain Antminer S21+ ( 225 Th ) Antminer S21+ ( 225 Th ),Jun 2025,225 Th/s,3712 W,SHA-256,-$0.35 /day,16.498j/Th,-$0.35 /day Add to Wish list Add to My Rig View favorites Bitmain Antminer S21+ Bitcoin 225Th/s SHA-256 3712W 16.498j/Th Release date Jun 2025 Hashrate 225 Th/s Power 3712 W Algorithm SHA-256 Top Coin Profit -$0.35 /day
,Bitmain,Bitmain Antminer S21+ ( 235 Th ) Antminer S21+ ( 235 Th ),Jun 2025,235 Th/s,3877 W,SHA-256,-$0.37 /day,16.498j/Th,-$0.37 /day Add to Wish list Add to My Rig View favorites Bitmain Antminer S21+ Bitcoin 235Th/s SHA-256 3877W 16.498j/Th Release date Jun 2025 Hashrate 235 Th/s Power 3877 W Algorithm SHA-256 Top Coin Profit -$0.37 /day
,Bitmain,Bitmain Antminer S21+ ( 216 Th ) Antminer S21+ ( 216 Th ),Feb 2025,216 Th/s,3564 W,SHA-256,-$0.34 /day,16.5j/Th,-$0.34 /day Add to Wish list Add to My Rig View favorites Bitmain Antminer S21+ Bitcoin 216Th/s SHA-256 3564W 16.5j/Th Release date Feb 2025 Hashrate 216 Th/s Power 3564 W Algorithm SHA-256 Top Coin Profit -$0.34 /day
,Bitdeer,Bitdeer SealMiner A2 Hyd ( 446 Th ) SealMiner A2 Hyd ( 446 Th ),Feb 2025,446 Th/s,7360 W,SHA-256,-$0.71 /day,16.502j/Th,-$0.71 /day Add to Wish list Add to My Rig View favorites Bitdeer SealMiner A2 Hyd Bitcoin 446Th/s SHA-256 7360W 16.502j/Th Release date Feb 2025 Hashrate 446 Th/s Power 7360 W Algorithm SHA-256 Top Coin Profit -$0.71 /day
,Bitdeer,Bitdeer SealMiner A2 ( 226 Th ) SealMiner A2 ( 226 Th ),Feb 2025,226 Th/s,3730 W,SHA-256,-$0.36 /day,16.504j/Th,-$0.36 /day Add to Wish list Add to My Rig View favorites Bitdeer SealMiner A2 Bitcoin 226Th/s SHA-256 3730W 16.504j/Th Release date Feb 2025 Hashrate 226 Th/s Power 3730 W Algorithm SHA-256 Top Coin Profit -$0.36 /day
,Canaan,Canaan Avalon A15Pro-221T ( 221 Th ) Avalon A15Pro-221T ( 221 Th ),Mar 2025,221 Th/s,W,SHA-256,-$0.39 /day,16.57j/Th,-$0.39 /day Add to Wish list Add to My Rig View favorites Canaan Avalon A15Pro-221T Bitcoin 221Th/s SHA-256 W 16.57j/Th Release date Mar 2025 Hashrate 221 Th/s Power W Algorithm SHA-256 Top Coin Profit -$0.39 /day
,NerdMiner,NerdMiner NerdOCTAxe ( 9.6 Th ) NerdOCTAxe ( 9.6 Th ),Nov 2025,9.6 Th/s,160 W,SHA-256,-$0.02 /day,0.017j/Gh,1 in 1880 /year Add to Wish list Add to My Rig View favorites NerdMiner NerdOCTAxe Bitcoin 9.6Th/s SHA-256 160W 0.017j/Gh Release date Nov 2025 Hashrate 9.6 Th/s Power 160 W Algorithm SHA-256 Top Coin Profit -$0.02 /day
,Canaan,Canaan Avalon A15Pro-218T ( 218 Th ) Avalon A15Pro-218T ( 218 Th ),Feb 2025,218 Th/s,3662 W,SHA-256,-$0.50 /day,16.798j/Th,-$0.50 /day Add to Wish list Add to My Rig View favorites Canaan Avalon A15Pro-218T Bitcoin 218Th/s SHA-256 3662W 16.798j/Th Release date Feb 2025 Hashrate 218 Th/s Power 3662 W Algorithm SHA-256 Top Coin Profit -$0.50 /day
,Canaan,Canaan Avalon A1566HA 2U ( 480 Th ) Avalon A1566HA 2U ( 480 Th ),Jun 2025,480 Th/s,8064 W,SHA-256,-$1.11 /day,16.8j/Th,-$1.11 /day Add to Wish list Add to My Rig View favorites Canaan Avalon A1566HA 2U Bitcoin 480Th/s SHA-256 8064W 16.8j/Th Release date Jun 2025 Hashrate 480 Th/s Power 8064 W Algorithm SHA-256 Top Coin Profit -$1.11 /day
,MicroBT,MicroBT WhatsMiner M60S+ ( 212 Th ) WhatsMiner M60S+ ( 212 Th ),Jul 2024,212 Th/s,3600 W,SHA-256,-$0.58 /day,16.981j/Th,-$0.58 /day Add to Wish list Add to My Rig View favorites MicroBT WhatsMiner M60S+ Bitcoin 212Th/s SHA-256 3600W 16.981j/Th Release date Jul 2024 Hashrate 212 Th/s Power 3600 W Algorithm SHA-256 Top Coin Profit -$0.58 /day
,Bitmain,Bitmain Antminer S21e Hyd ( 288 Th ) Antminer S21e Hyd ( 288 Th ),Apr 2025,288 Th/s,4896 W,SHA-256,-$0.80 /day,17j/Th,-$0.80 /day Add to Wish list Add to My Rig View favorites Bitmain Antminer S21e Hyd Bitcoin 288Th/s SHA-256 4896W 17j/Th Release date Apr 2025 Hashrate 288 Th/s Power 4896 W Algorithm SHA-256 Top Coin Profit -$0.80 /day
,Bitmain,Bitmain Antminer S21e Hyd ( 310 Th ) Antminer S21e Hyd ( 310 Th ),Aug 2025,310 Th/s,5270 W,SHA-256,-$0.86 /day,17j/Th,-$0.86 /day Add to Wish list Add to My Rig View favorites Bitmain Antminer S21e Hyd Bitcoin 310Th/s SHA-256 5270W 17j/Th Release date Aug 2025 Hashrate 310 Th/s Power 5270 W Algorithm SHA-256 Top Coin Profit -$0.86 /day
,MicroBT,MicroBT WhatsMiner M63S+ ( 424 Th ) WhatsMiner M63S+ ( 424 Th ),Aug 2024,424 Th/s,7208 W,SHA-256,-$1.18 /day,17j/Th,-$1.18 /day Add to Wish list Add to My Rig View favorites MicroBT WhatsMiner M63S+ Bitcoin 424Th/s SHA-256 7208W 17j/Th Release date Aug 2024 Hashrate 424 Th/s Power 7208 W Algorithm SHA-256 Top Coin Profit -$1.18 /day
,MicroBT,MicroBT WhatsMiner M66S+ ( 318 Th ) WhatsMiner M66S+ ( 318 Th ),Aug 2024,318 Th/s,5406 W,SHA-256,-$0.89 /day,17j/Th,-$0.89 /day Add to Wish list Add to My Rig View favorites MicroBT WhatsMiner M66S+ Bitcoin 318Th/s SHA-256 5406W 17j/Th Release date Aug 2024 Hashrate 318 Th/s Power 5406 W Algorithm SHA-256 Top Coin Profit -$0.89 /day
,MicroBT,MicroBT WhatsMiner M6DS+ ( 540 Th ) WhatsMiner M6DS+ ( 540 Th ),Mar 2026,540 Th/s,9200 W,SHA-256,-$1.55 /day,17.037j/Th,-$1.55 /day Add to Wish list Add to My Rig View favorites MicroBT WhatsMiner M6DS+ Bitcoin 540Th/s SHA-256 9200W 17.037j/Th Release date Mar 2026 Hashrate 540 Th/s Power 9200 W Algorithm SHA-256 Top Coin Profit -$1.55 /day
,NerdMiner,NerdMiner NerdQaxe++ Rev 6.1 ( 6 Th ) NerdQaxe++ Rev 6.1 ( 6 Th ),Feb 2026,6 Th/s,103 W,SHA-256,-$0.02 /day,0.017j/Gh,1 in 3007 /year Add to Wish list Add to My Rig View favorites NerdMiner NerdQaxe++ Rev 6.1 Bitcoin 6Th/s SHA-256 103W 0.017j/Gh Release date Feb 2026 Hashrate 6 Th/s Power 103 W Algorithm SHA-256 Top Coin Profit -$0.02 /day
,NerdMiner,NerdMiner NerdQaxe++ Hydro Rev 6.1 ( 6 Th ) NerdQaxe++ Hydro Rev 6.1 ( 6 Th ),Feb 2026,6 Th/s,103 W,SHA-256,-$0.02 /day,0.017j/Gh,1 in 3007 /year Add to Wish list Add to My Rig View favorites NerdMiner NerdQaxe++ Hydro Rev 6.1 Bitcoin 6Th/s SHA-256 103W 0.017j/Gh Release date Feb 2026 Hashrate 6 Th/s Power 103 W Algorithm SHA-256 Top Coin Profit -$0.02 /day
,Canaan,Canaan Avalon A1566I ( 261 Th ) Avalon A1566I ( 261 Th ),Jul 2024,261 Th/s,4500 W,SHA-256,-$0.88 /day,17.241j/Th,-$0.88 /day Add to Wish list Add to My Rig View favorites Canaan Avalon A1566I Bitcoin 261Th/s SHA-256 4500W 17.241j/Th Release date Jul 2024 Hashrate 261 Th/s Power 4500 W Algorithm SHA-256 Top Coin Profit -$0.88 /day
,Bitmain,Bitmain Antminer S21 ( 200 Th ) Antminer S21 ( 200 Th ),Jan 2024,200 Th/s,3550 W,SHA-256,-$0.80 /day,17.5j/Th,-$0.80 /day Add to Wish list Add to My Rig View favorites Bitmain Antminer S21 Bitcoin 200Th/s SHA-256 3550W 17.5j/Th Release date Jan 2024 Hashrate 200 Th/s Power 3550 W Algorithm SHA-256 Top Coin Profit -$0.80 /day
,Canaan,Canaan Avalon A15XP-206T ( 206 Th ) Avalon A15XP-206T ( 206 Th ),Dec 2024,206 Th/s,3667 W,SHA-256,-$0.97 /day,17.801j/Th,-$0.97 /day Add to Wish list Add to My Rig View favorites Canaan Avalon A15XP-206T Bitcoin 206Th/s SHA-256 3667W 17.801j/Th Release date Dec 2024 Hashrate 206 Th/s Power 3667 W Algorithm SHA-256 Top Coin Profit -$0.97 /day
,Bitaxe,Bitaxe Supra Hex 701 ( 4.2 Th ) Supra Hex 701 ( 4.2 Th ),Jun 2025,4.2 Th/s,75 W,SHA-256,-$0.02 /day,0.018j/Gh,1 in 4296 /year Add to Wish list Add to My Rig View favorites Bitaxe Supra Hex 701 Bitcoin 4.2Th/s SHA-256 75W 0.018j/Gh Release date Jun 2025 Hashrate 4.2 Th/s Power 75 W Algorithm SHA-256 Top Coin Profit -$0.02 /day
,Auradine,Auradine Teraflux AH3880 ( 600 Th ) Teraflux AH3880 ( 600 Th ),Mar 2025,600 Th/s,10740 W,SHA-256,-$2.97 /day,17.9j/Th,-$2.97 /day Add to Wish list Add to My Rig View favorites Auradine Teraflux AH3880 Bitcoin 600Th/s SHA-256 10740W 17.9j/Th Release date Mar 2025 Hashrate 600 Th/s Power 10740 W Algorithm SHA-256 Top Coin Profit -$2.97 /day
,21energy,21energy Ofen 2 Pro ( 60 Th ) Ofen 2 Pro ( 60 Th ),Apr 2026,60 Th/s,1100 W,SHA-256,-$0.36 /day,0.018j/Gh,-$0.36 /day Add to Wish list Add to My Rig View favorites 21energy Ofen 2 Pro Bitcoin 60Th/s SHA-256 1100W 0.018j/Gh Release date Apr 2026 Hashrate 60 Th/s Power 1100 W Algorithm SHA-256 Top Coin Profit -$0.36 /day
,Canaan,Canaan Avalon A1566 ( 185 Th ) Avalon A1566 ( 185 Th ),Sep 2024,185 Th/s,3420 W,SHA-256,-$1.17 /day,18.486j/Th,-$1.17 /day Add to Wish list Add to My Rig View favorites Canaan Avalon A1566 Bitcoin 185Th/s SHA-256 3420W 18.486j/Th Release date Sep 2024 Hashrate 185 Th/s Power 3420 W Algorithm SHA-256 Top Coin Profit -$1.17 /day
,MicroBT,MicroBT WhatsMiner M60S ( 186 Th ) WhatsMiner M60S ( 186 Th ),Jan 2024,186 Th/s,3441 W,SHA-256,-$1.19 /day,18.5j/Th,-$1.19 /day Add to Wish list Add to My Rig View favorites MicroBT WhatsMiner M60S Bitcoin 186Th/s SHA-256 3441W 18.5j/Th Release date Jan 2024 Hashrate 186 Th/s Power 3441 W Algorithm SHA-256 Top Coin Profit -$1.19 /day
,MicroBT,MicroBT WhatsMiner M66S ( 298 Th ) WhatsMiner M66S ( 298 Th ),Oct 2023,298 Th/s,5513 W,SHA-256,-$1.90 /day,18.5j/Th,-$1.90 /day Add to Wish list Add to My Rig View favorites MicroBT WhatsMiner M66S Bitcoin 298Th/s SHA-256 5513W 18.5j/Th Release date Oct 2023 Hashrate 298 Th/s Power 5513 W Algorithm SHA-256 Top Coin Profit -$1.90 /day
,MicroBT,MicroBT WhatsMiner M63S ( 390 Th ) WhatsMiner M63S ( 390 Th ),Oct 2023,390 Th/s,7215 W,SHA-256,-$2.49 /day,18.5j/Th,-$2.49 /day Add to Wish list Add to My Rig View favorites MicroBT WhatsMiner M63S Bitcoin 390Th/s SHA-256 7215W 18.5j/Th Release date Oct 2023 Hashrate 390 Th/s Power 7215 W Algorithm SHA-256 Top Coin Profit -$2.49 /day
,Bitmain,Bitmain Antminer S21 Imm. ( 301 Th ) Antminer S21 Imm. ( 301 Th ),Dec 2024,301 Th/s,5569 W,SHA-256,-$1.92 /day,18.502j/Th,-$1.92 /day Add to Wish list Add to My Rig View favorites Bitmain Antminer S21 Imm. Bitcoin 301Th/s SHA-256 5569W 18.502j/Th Release date Dec 2024 Hashrate 301 Th/s Power 5569 W Algorithm SHA-256 Top Coin Profit -$1.92 /day
,Canaan,Canaan Avalon Q ( 90 Th ) Avalon Q ( 90 Th ),Mar 2025,90 Th/s,1674 W,SHA-256,-$0.60 /day,0.019j/Gh,-$0.60 /day Add to Wish list Add to My Rig View favorites Canaan Avalon Q Bitcoin 90Th/s SHA-256 1674W 0.019j/Gh Release date Mar 2025 Hashrate 90 Th/s Power 1674 W Algorithm SHA-256 Top Coin Profit -$0.60 /day
,Canaan,Canaan Avalon A15-194T ( 194 Th ) Avalon A15-194T ( 194 Th ),Dec 2024,194 Th/s,3647 W,SHA-256,-$1.38 /day,18.799j/Th,-$1.38 /day Add to Wish list Add to My Rig View favorites Canaan Avalon A15-194T Bitcoin 194Th/s SHA-256 3647W 18.799j/Th Release date Dec 2024 Hashrate 194 Th/s Power 3647 W Algorithm SHA-256 Top Coin Profit -$1.38 /day
,Bitmain,Bitmain Antminer S19 XP+ Hyd ( 293 Th ) Antminer S19 XP+ Hyd ( 293 Th ),Apr 2025,293 Th/s,5567 W,SHA-256,-$2.22 /day,19j/Th,-$2.22 /day Add to Wish list Add to My Rig View favorites Bitmain Antminer S19 XP+ Hyd Bitcoin 293Th/s SHA-256 5567W 19j/Th Release date Apr 2025 Hashrate 293 Th/s Power 5567 W Algorithm SHA-256 Top Coin Profit -$2.22 /day
,Auradine,Auradine Teraflux AI3680 ( 360 Th ) Teraflux AI3680 ( 360 Th ),Dec 2024,360 Th/s,6840 W,SHA-256,-$2.73 /day,19j/Th,-$2.73 /day Add to Wish list Add to My Rig View favorites Auradine Teraflux AI3680 Bitcoin 360Th/s SHA-256 6840W 19j/Th Release date Dec 2024 Hashrate 360 Th/s Power 6840 W Algorithm SHA-256 Top Coin Profit -$2.73 /day
,Bitmain,Bitmain Antminer S19 XP+ Hyd ( 279 Th ) Antminer S19 XP+ Hyd ( 279 Th ),Jan 2025,279 Th/s,5301 W,SHA-256,-$2.12 /day,19j/Th,-$2.12 /day Add to Wish list Add to My Rig View favorites Bitmain Antminer S19 XP+ Hyd Bitcoin 279Th/s SHA-256 5301W 19j/Th Release date Jan 2025 Hashrate 279 Th/s Power 5301 W Algorithm SHA-256 Top Coin Profit -$2.12 /day
,Bitmain,Bitmain Antminer T21 ( 190 Th ) Antminer T21 ( 190 Th ),Jan 2024,190 Th/s,3610 W,SHA-256,-$1.44 /day,19j/Th,-$1.44 /day Add to Wish list Add to My Rig View favorites Bitmain Antminer T21 Bitcoin 190Th/s SHA-256 3610W 19j/Th Release date Jan 2024 Hashrate 190 Th/s Power 3610 W Algorithm SHA-256 Top Coin Profit -$1.44 /day
,Bitmain,Bitmain Antminer T21 ( 180 Th ) Antminer T21 ( 180 Th ),Apr 2024,180 Th/s,3420 W,SHA-256,-$1.36 /day,19j/Th,-$1.36 /day Add to Wish list Add to My Rig View favorites Bitmain Antminer T21 Bitcoin 180Th/s SHA-256 3420W 19j/Th Release date Apr 2024 Hashrate 180 Th/s Power 3420 W Algorithm SHA-256 Top Coin Profit -$1.36 /day
,Jingle Miner,Jingle Miner BTC Solo Lite ( 1.2 Th ) BTC Solo Lite ( 1.2 Th ),Sep 2025,1.2 Th/s,23 W,SHA-256,-$0.01 /day,0.019j/Gh,1 in 15035 /year Add to Wish list Add to My Rig View favorites Jingle Miner BTC Solo Lite Bitcoin 1.2Th/s SHA-256 23W 0.019j/Gh Release date Sep 2025 Hashrate 1.2 Th/s Power 23 W Algorithm SHA-256 Top Coin Profit -$0.01 /day
,MicroBT,MicroBT WhatsMiner M60 ( 172 Th ) WhatsMiner M60 ( 172 Th ),Jan 2024,172 Th/s,3422 W,SHA-256,-$1.67 /day,19.895j/Th,-$1.67 /day Add to Wish list Add to My Rig View favorites MicroBT WhatsMiner M60 Bitcoin 172Th/s SHA-256 3422W 19.895j/Th Release date Jan 2024 Hashrate 172 Th/s Power 3422 W Algorithm SHA-256 Top Coin Profit -$1.67 /day
,MicroBT,MicroBT WhatsMiner M63 ( 334 Th ) WhatsMiner M63 ( 334 Th ),Oct 2023,334 Th/s,6646 W,SHA-256,-$3.25 /day,19.898j/Th,-$3.25 /day Add to Wish list Add to My Rig View favorites MicroBT WhatsMiner M63 Bitcoin 334Th/s SHA-256 6646W 19.898j/Th Release date Oct 2023 Hashrate 334 Th/s Power 6646 W Algorithm SHA-256 Top Coin Profit -$3.25 /day
,MicroBT,MicroBT WhatsMiner M66 ( 280 Th ) WhatsMiner M66 ( 280 Th ),Oct 2023,280 Th/s,5572 W,SHA-256,-$2.73 /day,19.9j/Th,-$2.73 /day Add to Wish list Add to My Rig View favorites MicroBT WhatsMiner M66 Bitcoin 280Th/s SHA-256 5572W 19.9j/Th Release date Oct 2023 Hashrate 280 Th/s Power 5572 W Algorithm SHA-256 Top Coin Profit -$2.73 /day
,NerdMiner,NerdMiner NerdQaxe+ ( 2.5 Th ) NerdQaxe+ ( 2.5 Th ),Mar 2025,2.5 Th/s,50 W,SHA-256,-$0.02 /day,0.02j/Gh,1 in 7217 /year Add to Wish list Add to My Rig View favorites NerdMiner NerdQaxe+ Bitcoin 2.5Th/s SHA-256 50W 0.02j/Gh Release date Mar 2025 Hashrate 2.5 Th/s Power 50 W Algorithm SHA-256 Top Coin Profit -$0.02 /day
,Jingle Miner,Jingle Miner BTC Solo Pro ( 4.8 Th ) BTC Solo Pro ( 4.8 Th ),Sep 2025,4.8 Th/s,96 W,SHA-256,-$0.05 /day,0.02j/Gh,1 in 3759 /year Add to Wish list Add to My Rig View favorites Jingle Miner BTC Solo Pro Bitcoin 4.8Th/s SHA-256 96W 0.02j/Gh Release date Sep 2025 Hashrate 4.8 Th/s Power 96 W Algorithm SHA-256 Top Coin Profit -$0.05 /day
,NerdMiner,NerdMiner NerdOCTAxe Rev 3.1 ( 12 Th ) NerdOCTAxe Rev 3.1 ( 12 Th ),Jan 2026,12 Th/s,240 W,SHA-256,-$0.12 /day,0.02j/Gh,1 in 1504 /year Add to Wish list Add to My Rig View favorites NerdMiner NerdOCTAxe Rev 3.1 Bitcoin 12Th/s SHA-256 240W 0.02j/Gh Release date Jan 2026 Hashrate 12 Th/s Power 240 W Algorithm SHA-256 Top Coin Profit -$0.12 /day
,Bitmain,Bitmain Antminer S19 XP Hyd 3U ( 512 Th ) Antminer S19 XP Hyd 3U ( 512 Th ),Jan 2025,512 Th/s,10600 W,SHA-256,-$5.98 /day,20.703j/Th,-$5.98 /day Add to Wish list Add to My Rig View favorites Bitmain Antminer S19 XP Hyd 3U Bitcoin 512Th/s SHA-256 10600W 20.703j/Th Release date Jan 2025 Hashrate 512 Th/s Power 10600 W Algorithm SHA-256 Top Coin Profit -$5.98 /day
,Bitmain,Bitmain Antminer S19 XP Hyd ( 257 Th ) Antminer S19 XP Hyd ( 257 Th ),Oct 2022,257 Th/s,5345 W,SHA-256,-$3.06 /day,20.798j/Th,-$3.06 /day Add to Wish list Add to My Rig View favorites Bitmain Antminer S19 XP Hyd Bitcoin 257Th/s SHA-256 5345W 20.798j/Th Release date Oct 2022 Hashrate 257 Th/s Power 5345 W Algorithm SHA-256 Top Coin Profit -$3.06 /day
,Canaan,Canaan Avalon Mini 3 ( 37.5 Th ) Avalon Mini 3 ( 37.5 Th ),Jan 2025,37.5 Th/s,800 W,SHA-256,-$0.49 /day,0.021j/Gh,-$0.49 /day Add to Wish list Add to My Rig View favorites Canaan Avalon Mini 3 Bitcoin 37.5Th/s SHA-256 800W 0.021j/Gh Release date Jan 2025 Hashrate 37.5 Th/s Power 800 W Algorithm SHA-256 Top Coin Profit -$0.49 /day
,Bitmain,Bitmain Antminer S19 XP ( 140 Th ) Antminer S19 XP ( 140 Th ),Jun 2022,140 Th/s,3010 W,SHA-256,-$1.90 /day,21.5j/Th,-$1.90 /day Add to Wish list Add to My Rig View favorites Bitmain Antminer S19 XP Bitcoin 140Th/s SHA-256 3010W 21.5j/Th Release date Jun 2022 Hashrate 140 Th/s Power 3010 W Algorithm SHA-256 Top Coin Profit -$1.90 /day
,Bitmain,Bitmain Antminer S19j XP ( 151 Th ) Antminer S19j XP ( 151 Th ),Jun 2024,151 Th/s,3247 W,SHA-256,-$2.05 /day,21.503j/Th,-$2.05 /day Add to Wish list Add to My Rig View favorites Bitmain Antminer S19j XP Bitcoin 151Th/s SHA-256 3247W 21.503j/Th Release date Jun 2024 Hashrate 151 Th/s Power 3247 W Algorithm SHA-256 Top Coin Profit -$2.05 /day
,Canaan,Canaan Avalon Made A1466 ( 150 Th ) Avalon Made A1466 ( 150 Th ),Aug 2023,150 Th/s,3230 W,SHA-256,-$2.05 /day,21.533j/Th,-$2.05 /day Add to Wish list Add to My Rig View favorites Canaan Avalon Made A1466 Bitcoin 150Th/s SHA-256 3230W 21.533j/Th Release date Aug 2023 Hashrate 150 Th/s Power 3230 W Algorithm SHA-256 Top Coin Profit -$2.05 /day
,Bitmain,Bitmain Antminer T19 Pro Hyd ( 235 Th ) Antminer T19 Pro Hyd ( 235 Th ),Feb 2024,235 Th/s,5170 W,SHA-256,-$3.47 /day,22j/Th,-$3.47 /day Add to Wish list Add to My Rig View favorites Bitmain Antminer T19 Pro Hyd Bitcoin 235Th/s SHA-256 5170W 22j/Th Release date Feb 2024 Hashrate 235 Th/s Power 5170 W Algorithm SHA-256 Top Coin Profit -$3.47 /day
,Bitmain,Bitmain Antminer S19k Pro ( 120 Th ) Antminer S19k Pro ( 120 Th ),Mar 2023,120 Th/s,2760 W,SHA-256,-$2.06 /day,23j/Th,-$2.06 /day Add to Wish list Add to My Rig View favorites Bitmain Antminer S19k Pro Bitcoin 120Th/s SHA-256 2760W 23j/Th Release date Mar 2023 Hashrate 120 Th/s Power 2760 W Algorithm SHA-256 Top Coin Profit -$2.06 /day
,Bitaxe,Bitaxe Supra 401 ( 600 Gh ) Supra 401 ( 600 Gh ),Jun 2024,600 Gh/s,14 W,SHA-256,-$0.01 /day,0.023j/Gh,1 in 30070 /year Add to Wish list Add to My Rig View favorites Bitaxe Supra 401 Bitcoin 600Gh/s SHA-256 14W 0.023j/Gh Release date Jun 2024 Hashrate 600 Gh/s Power 14 W Algorithm SHA-256 Top Coin Profit -$0.01 /day
,Canaan,Canaan Avalon Nano 3S ( 6 Th ) Avalon Nano 3S ( 6 Th ),Jan 2025,6 Th/s,140 W,SHA-256,-$0.11 /day,0.023j/Gh,1 in 3007 /year Add to Wish list Add to My Rig View favorites Canaan Avalon Nano 3S Bitcoin 6Th/s SHA-256 140W 0.023j/Gh Release date Jan 2025 Hashrate 6 Th/s Power 140 W Algorithm SHA-256 Top Coin Profit -$0.11 /day
,NerdMiner,NerdMiner NerdQaxe+ Hydro ( 2.5 Th ) NerdQaxe+ Hydro ( 2.5 Th ),Jun 2025,2.5 Th/s,60 W,SHA-256,-$0.05 /day,0.024j/Gh,1 in 7217 /year Add to Wish list Add to My Rig View favorites NerdMiner NerdQaxe+ Hydro Bitcoin 2.5Th/s SHA-256 60W 0.024j/Gh Release date Jun 2025 Hashrate 2.5 Th/s Power 60 W Algorithm SHA-256 Top Coin Profit -$0.05 /day
,Canaan,Canaan Avalon Made A1446 ( 135 Th ) Avalon Made A1446 ( 135 Th ),Aug 2023,135 Th/s,3310 W,SHA-256,-$2.81 /day,24.519j/Th,-$2.81 /day Add to Wish list Add to My Rig View favorites Canaan Avalon Made A1446 Bitcoin 135Th/s SHA-256 3310W 24.519j/Th Release date Aug 2023 Hashrate 135 Th/s Power 3310 W Algorithm SHA-256 Top Coin Profit -$2.81 /day
,21energy,21energy Ofen 2 ( 40 Th ) Ofen 2 ( 40 Th ),Apr 2026,40 Th/s,1000 W,SHA-256,-$0.88 /day,0.025j/Gh,-$0.88 /day Add to Wish list Add to My Rig View favorites 21energy Ofen 2 Bitcoin 40Th/s SHA-256 1000W 0.025j/Gh Release date Apr 2026 Hashrate 40 Th/s Power 1000 W Algorithm SHA-256 Top Coin Profit -$0.88 /day
,Lucky Miner,Lucky Miner LV07 ( 1 Th ) LV07 ( 1 Th ),Jun 2024,1 Th/s,25 W,SHA-256,-$0.02 /day,0.025j/Gh,1 in 18042 /year Add to Wish list Add to My Rig View favorites Lucky Miner LV07 Bitcoin 1Th/s SHA-256 25W 0.025j/Gh Release date Jun 2024 Hashrate 1 Th/s Power 25 W Algorithm SHA-256 Top Coin Profit -$0.02 /day
,Canaan,Canaan Avalon Made A1366 ( 130 Th ) Avalon Made A1366 ( 130 Th ),Oct 2022,130 Th/s,3250 W,SHA-256,-$2.86 /day,25j/Th,-$2.86 /day Add to Wish list Add to My Rig View favorites Canaan Avalon Made A1366 Bitcoin 130Th/s SHA-256 3250W 25j/Th Release date Oct 2022 Hashrate 130 Th/s Power 3250 W Algorithm SHA-256 Top Coin Profit -$2.86 /day
,MicroBT,MicroBT Whatsminer M50S ( 128 Th ) Whatsminer M50S ( 128 Th ),Jun 2022,128 Th/s,3276 W,SHA-256,-$3.00 /day,25.594j/Th,-$3.00 /day Add to Wish list Add to My Rig View favorites MicroBT Whatsminer M50S Bitcoin 128Th/s SHA-256 3276W 25.594j/Th Release date Jun 2022 Hashrate 128 Th/s Power 3276 W Algorithm SHA-256 Top Coin Profit -$3.00 /day
,Bitaxe,Bitaxe Ultra 1366 ( 425 Gh ) Ultra 1366 ( 425 Gh ),Aug 2023,425 Gh/s,11 W,SHA-256,-$0.01 /day,0.026j/Gh,1 in 42452 /year Add to Wish list Add to My Rig View favorites Bitaxe Ultra 1366 Bitcoin 425Gh/s SHA-256 11W 0.026j/Gh Release date Aug 2023 Hashrate 425 Gh/s Power 11 W Algorithm SHA-256 Top Coin Profit -$0.01 /day
,MicroBT,MicroBT Whatsminer M53S ( 260 Th ) Whatsminer M53S ( 260 Th ),Apr 2023,260 Th/s,6760 W,SHA-256,-$6.34 /day,26j/Th,-$6.34 /day Add to Wish list Add to My Rig View favorites MicroBT Whatsminer M53S Bitcoin 260Th/s SHA-256 6760W 26j/Th Release date Apr 2023 Hashrate 260 Th/s Power 6760 W Algorithm SHA-256 Top Coin Profit -$6.34 /day
,Bitmain,Bitmain Antminer S19 Pro++ ( 125 Th ) Antminer S19 Pro++ ( 125 Th ),Aug 2024,125 Th/s,3250 W,SHA-256,-$3.05 /day,26j/Th,-$3.05 /day Add to Wish list Add to My Rig View favorites Bitmain Antminer S19 Pro++ Bitcoin 125Th/s SHA-256 3250W 26j/Th Release date Aug 2024 Hashrate 125 Th/s Power 3250 W Algorithm SHA-256 Top Coin Profit -$3.05 /day
,MicroBT,MicroBT WhatsMiner M56S ( 212 Th ) WhatsMiner M56S ( 212 Th ),Jan 2023,212 Th/s,5550 W,SHA-256,-$5.26 /day,26.179j/Th,-$5.26 /day Add to Wish list Add to My Rig View favorites MicroBT WhatsMiner M56S Bitcoin 212Th/s SHA-256 5550W 26.179j/Th Release date Jan 2023 Hashrate 212 Th/s Power 5550 W Algorithm SHA-256 Top Coin Profit -$5.26 /day
,Lucky Miner,Lucky Miner LV08 ( 4.5 Th ) LV08 ( 4.5 Th ),Jan 2025,4.5 Th/s,120 W,SHA-256,-$0.12 /day,0.027j/Gh,1 in 4010 /year Add to Wish list Add to My Rig View favorites Lucky Miner LV08 Bitcoin 4.5Th/s SHA-256 120W 0.027j/Gh Release date Jan 2025 Hashrate 4.5 Th/s Power 120 W Algorithm SHA-256 Top Coin Profit -$0.12 /day
,Bitmain,Bitmain Antminer S19j Pro+ ( 122 Th ) Antminer S19j Pro+ ( 122 Th ),Dec 2022,122 Th/s,3355 W,SHA-256,-$3.41 /day,27.5j/Th,-$3.41 /day Add to Wish list Add to My Rig View favorites Bitmain Antminer S19j Pro+ Bitcoin 122Th/s SHA-256 3355W 27.5j/Th Release date Dec 2022 Hashrate 122 Th/s Power 3355 W Algorithm SHA-256 Top Coin Profit -$3.41 /day
,Bitmain,Bitmain Antminer S19 Pro+ Hyd ( 198 Th ) Antminer S19 Pro+ Hyd ( 198 Th ),Apr 2022,198 Th/s,5445 W,SHA-256,-$5.54 /day,27.5j/Th,-$5.54 /day Add to Wish list Add to My Rig View favorites Bitmain Antminer S19 Pro+ Hyd Bitcoin 198Th/s SHA-256 5445W 27.5j/Th Release date Apr 2022 Hashrate 198 Th/s Power 5445 W Algorithm SHA-256 Top Coin Profit -$5.54 /day
,MicroBT,MicroBT WhatsMiner M56 ( 194 Th ) WhatsMiner M56 ( 194 Th ),Jan 2023,194 Th/s,5550 W,SHA-256,-$5.94 /day,28.608j/Th,-$5.94 /day Add to Wish list Add to My Rig View favorites MicroBT WhatsMiner M56 Bitcoin 194Th/s SHA-256 5550W 28.608j/Th Release date Jan 2023 Hashrate 194 Th/s Power 5550 W Algorithm SHA-256 Top Coin Profit -$5.94 /day
,MicroBT,MicroBT Whatsminer M53 ( 230 Th ) Whatsminer M53 ( 230 Th ),Apr 2023,230 Th/s,6670 W,SHA-256,-$7.26 /day,29j/Th,-$7.26 /day Add to Wish list Add to My Rig View favorites MicroBT Whatsminer M53 Bitcoin 230Th/s SHA-256 6670W 29j/Th Release date Apr 2023 Hashrate 230 Th/s Power 6670 W Algorithm SHA-256 Top Coin Profit -$7.26 /day
,MicroBT,MicroBT Whatsminer M50 ( 114 Th ) Whatsminer M50 ( 114 Th ),Jun 2022,114 Th/s,3306 W,SHA-256,-$3.60 /day,29j/Th,-$3.60 /day Add to Wish list Add to My Rig View favorites MicroBT Whatsminer M50 Bitcoin 114Th/s SHA-256 3306W 29j/Th Release date Jun 2022 Hashrate 114 Th/s Power 3306 W Algorithm SHA-256 Top Coin Profit -$3.60 /day
,Bitmain,Bitmain Antminer S19 Pro Hyd ( 177 Th ) Antminer S19 Pro Hyd ( 177 Th ),Dec 2022,177 Th/s,5221 W,SHA-256,-$5.80 /day,29.497j/Th,-$5.80 /day Add to Wish list Add to My Rig View favorites Bitmain Antminer S19 Pro Hyd Bitcoin 177Th/s SHA-256 5221W 29.497j/Th Release date Dec 2022 Hashrate 177 Th/s Power 5221 W Algorithm SHA-256 Top Coin Profit -$5.80 /day
,Bitmain,Bitmain Antminer S19j Pro ( 104 Th ) Antminer S19j Pro ( 104 Th ),Jul 2021,104 Th/s,3068 W,SHA-256,-$3.41 /day,29.5j/Th,-$3.41 /day Add to Wish list Add to My Rig View favorites Bitmain Antminer S19j Pro Bitcoin 104Th/s SHA-256 3068W 29.5j/Th Release date Jul 2021 Hashrate 104 Th/s Power 3068 W Algorithm SHA-256 Top Coin Profit -$3.41 /day
,Bitmain,Bitmain Antminer S19j Pro ( 96 Th ) Antminer S19j Pro ( 96 Th ),Aug 2021,96 Th/s,2832 W,SHA-256,-$3.15 /day,0.03j/Gh,-$3.15 /day Add to Wish list Add to My Rig View favorites Bitmain Antminer S19j Pro Bitcoin 96Th/s SHA-256 2832W 0.03j/Gh Release date Aug 2021 Hashrate 96 Th/s Power 2832 W Algorithm SHA-256 Top Coin Profit -$3.15 /day
,Bitmain,Bitmain Antminer S19 Pro ( 110 Th ) Antminer S19 Pro ( 110 Th ),Apr 2020,110 Th/s,3250 W,SHA-256,-$3.62 /day,29.545j/Th,-$3.62 /day Add to Wish list Add to My Rig View favorites Bitmain Antminer S19 Pro Bitcoin 110Th/s SHA-256 3250W 29.545j/Th Release date Apr 2020 Hashrate 110 Th/s Power 3250 W Algorithm SHA-256 Top Coin Profit -$3.62 /day
,MicroBT,MicroBT Whatsminer M33S++ ( 242 Th ) Whatsminer M33S++ ( 242 Th ),Nov 2022,242 Th/s,7260 W,SHA-256,-$8.22 /day,30j/Th,-$8.22 /day Add to Wish list Add to My Rig View favorites MicroBT Whatsminer M33S++ Bitcoin 242Th/s SHA-256 7260W 30j/Th Release date Nov 2022 Hashrate 242 Th/s Power 7260 W Algorithm SHA-256 Top Coin Profit -$8.22 /day
,Canaan,Canaan Avalon Made A1346 ( 110 Th ) Avalon Made A1346 ( 110 Th ),Oct 2022,110 Th/s,3300 W,SHA-256,-$3.74 /day,30j/Th,-$3.74 /day Add to Wish list Add to My Rig View favorites Canaan Avalon Made A1346 Bitcoin 110Th/s SHA-256 3300W 30j/Th Release date Oct 2022 Hashrate 110 Th/s Power 3300 W Algorithm SHA-256 Top Coin Profit -$3.74 /day
,Canaan,Canaan Avalon Miner A1366I ( 119 Th ) Avalon Miner A1366I ( 119 Th ),May 2024,119 Th/s,3570 W,SHA-256,-$4.04 /day,30j/Th,-$4.04 /day Add to Wish list Add to My Rig View favorites Canaan Avalon Miner A1366I Bitcoin 119Th/s SHA-256 3570W 30j/Th Release date May 2024 Hashrate 119 Th/s Power 3570 W Algorithm SHA-256 Top Coin Profit -$4.04 /day
,Bitmain,Bitmain Antminer S19j Pro ( 100 Th ) Antminer S19j Pro ( 100 Th ),May 2021,100 Th/s,3050 W,SHA-256,-$3.52 /day,30.5j/Th,-$3.52 /day Add to Wish list Add to My Rig View favorites Bitmain Antminer S19j Pro Bitcoin 100Th/s SHA-256 3050W 30.5j/Th Release date May 2021 Hashrate 100 Th/s Power 3050 W Algorithm SHA-256 Top Coin Profit -$3.52 /day
,MicroBT,MicroBT Whatsminer M30S++ ( 112 Th ) Whatsminer M30S++ ( 112 Th ),Sep 2020,112 Th/s,3472 W,SHA-256,-$4.07 /day,31j/Th,-$4.07 /day Add to Wish list Add to My Rig View favorites MicroBT Whatsminer M30S++ Bitcoin 112Th/s SHA-256 3472W 31j/Th Release date Sep 2020 Hashrate 112 Th/s Power 3472 W Algorithm SHA-256 Top Coin Profit -$4.07 /day
,MicroBT,MicroBT Whatsminer M36S+ ( 164 Th ) Whatsminer M36S+ ( 164 Th ),Apr 2023,164 Th/s,5576 W,SHA-256,-$7.15 /day,34j/Th,-$7.15 /day Add to Wish list Add to My Rig View favorites MicroBT Whatsminer M36S+ Bitcoin 164Th/s SHA-256 5576W 34j/Th Release date Apr 2023 Hashrate 164 Th/s Power 5576 W Algorithm SHA-256 Top Coin Profit -$7.15 /day
,MicroBT,MicroBT Whatsminer M30S+ ( 100 Th ) Whatsminer M30S+ ( 100 Th ),Sep 2020,100 Th/s,3400 W,SHA-256,-$4.36 /day,34j/Th,-$4.36 /day Add to Wish list Add to My Rig View favorites MicroBT Whatsminer M30S+ Bitcoin 100Th/s SHA-256 3400W 34j/Th Release date Sep 2020 Hashrate 100 Th/s Power 3400 W Algorithm SHA-256 Top Coin Profit -$4.36 /day
,Bitmain,Bitmain Antminer S19 ( 95 Th ) Antminer S19 ( 95 Th ),Apr 2020,95 Th/s,3250 W,SHA-256,-$4.19 /day,0.034j/Gh,-$4.19 /day Add to Wish list Add to My Rig View favorites Bitmain Antminer S19 Bitcoin 95Th/s SHA-256 3250W 0.034j/Gh Release date Apr 2020 Hashrate 95 Th/s Power 3250 W Algorithm SHA-256 Top Coin Profit -$4.19 /day
,Bitmain,Bitmain Antminer S19 Hydro ( 158 Th ) Antminer S19 Hydro ( 158 Th ),Sep 2022,158 Th/s,5451 W,SHA-256,-$7.08 /day,34.5j/Th,-$7.08 /day Add to Wish list Add to My Rig View favorites Bitmain Antminer S19 Hydro Bitcoin 158Th/s SHA-256 5451W 34.5j/Th Release date Sep 2022 Hashrate 158 Th/s Power 5451 W Algorithm SHA-256 Top Coin Profit -$7.08 /day
,Bitmain,Bitmain Antminer T19 Hydro ( 158 Th ) Antminer T19 Hydro ( 158 Th ),Sep 2022,158 Th/s,5451 W,SHA-256,-$7.08 /day,34.5j/Th,-$7.08 /day Add to Wish list Add to My Rig View favorites Bitmain Antminer T19 Hydro Bitcoin 158Th/s SHA-256 5451W 34.5j/Th Release date Sep 2022 Hashrate 158 Th/s Power 5451 W Algorithm SHA-256 Top Coin Profit -$7.08 /day
,Canaan,Canaan Avalon Nano 3 ( 4 Th ) Avalon Nano 3 ( 4 Th ),Feb 2024,4 Th/s,140 W,SHA-256,-$0.18 /day,0.035j/Gh,1 in 4511 /year Add to Wish list Add to My Rig View favorites Canaan Avalon Nano 3 Bitcoin 4Th/s SHA-256 140W 0.035j/Gh Release date Feb 2024 Hashrate 4 Th/s Power 140 W Algorithm SHA-256 Top Coin Profit -$0.18 /day
,Bitmain,Bitmain Antminer S19j ( 90 Th ) Antminer S19j ( 90 Th ),May 2021,90 Th/s,3250 W,SHA-256,-$4.38 /day,0.036j/Gh,-$4.38 /day Add to Wish list Add to My Rig View favorites Bitmain Antminer S19j Bitcoin 90Th/s SHA-256 3250W 0.036j/Gh Release date May 2021 Hashrate 90 Th/s Power 3250 W Algorithm SHA-256 Top Coin Profit -$4.38 /day
,Bitmain,Bitmain Antminer T19 ( 84 Th ) Antminer T19 ( 84 Th ),Jun 2020,84 Th/s,3150 W,SHA-256,-$4.37 /day,0.038j/Gh,-$4.37 /day Add to Wish list Add to My Rig View favorites Bitmain Antminer T19 Bitcoin 84Th/s SHA-256 3150W 0.038j/Gh Release date Jun 2020 Hashrate 84 Th/s Power 3150 W Algorithm SHA-256 Top Coin Profit -$4.37 /day
,Bitmain,Bitmain Antminer T19 Hydro ( 145 Th ) Antminer T19 Hydro ( 145 Th ),Sep 2022,145 Th/s,5438 W,SHA-256,-$7.54 /day,37.503j/Th,-$7.54 /day Add to Wish list Add to My Rig View favorites Bitmain Antminer T19 Hydro Bitcoin 145Th/s SHA-256 5438W 37.503j/Th Release date Sep 2022 Hashrate 145 Th/s Power 5438 W Algorithm SHA-256 Top Coin Profit -$7.54 /day
,Canaan,Canaan AvalonMiner 1246 ( 90 Th ) AvalonMiner 1246 ( 90 Th ),Dec 2020,90 Th/s,3420 W,SHA-256,-$4.79 /day,0.038j/Gh,-$4.79 /day Add to Wish list Add to My Rig View favorites Canaan AvalonMiner 1246 Bitcoin 90Th/s SHA-256 3420W 0.038j/Gh Release date Dec 2020 Hashrate 90 Th/s Power 3420 W Algorithm SHA-256 Top Coin Profit -$4.79 /day
,MicroBT,MicroBT Whatsminer M30S ( 86 Th ) Whatsminer M30S ( 86 Th ),Apr 2020,86 Th/s,3268 W,SHA-256,-$4.57 /day,0.038j/Gh,-$4.57 /day Add to Wish list Add to My Rig View favorites MicroBT Whatsminer M30S Bitcoin 86Th/s SHA-256 3268W 0.038j/Gh Release date Apr 2020 Hashrate 86 Th/s Power 3268 W Algorithm SHA-256 Top Coin Profit -$4.57 /day
,Bitmain,Bitmain Antminer T19 ( 88 Th ) Antminer T19 ( 88 Th ),Jul 2021,88 Th/s,3344 W,SHA-256,-$4.68 /day,0.038j/Gh,-$4.68 /day Add to Wish list Add to My Rig View favorites Bitmain Antminer T19 Bitcoin 88Th/s SHA-256 3344W 0.038j/Gh Release date Jul 2021 Hashrate 88 Th/s Power 3344 W Algorithm SHA-256 Top Coin Profit -$4.68 /day
,Bitmain,Bitmain Antminer S17 Pro ( 50 Th ) Antminer S17 Pro ( 50 Th ),Apr 2019,50 Th/s,1975 W,SHA-256,-$2.84 /day,0.04j/Gh,-$2.84 /day Add to Wish list Add to My Rig View favorites Bitmain Antminer S17 Pro Bitcoin 50Th/s SHA-256 1975W 0.04j/Gh Release date Apr 2019 Hashrate 50 Th/s Power 1975 W Algorithm SHA-256 Top Coin Profit -$2.84 /day
,Bitmain,Bitmain Antminer S17 Pro ( 53 Th ) Antminer S17 Pro ( 53 Th ),Apr 2019,53 Th/s,2094 W,SHA-256,-$3.01 /day,0.04j/Gh,-$3.01 /day Add to Wish list Add to My Rig View favorites Bitmain Antminer S17 Pro Bitcoin 53Th/s SHA-256 2094W 0.04j/Gh Release date Apr 2019 Hashrate 53 Th/s Power 2094 W Algorithm SHA-256 Top Coin Profit -$3.01 /day
,StrongU,StrongU Hornbill H8 Pro ( 84 Th ) Hornbill H8 Pro ( 84 Th ),Jun 2021,84 Th/s,3360 W,SHA-256,-$4.87 /day,0.04j/Gh,-$4.87 /day Add to Wish list Add to My Rig View favorites StrongU Hornbill H8 Pro Bitcoin 84Th/s SHA-256 3360W 0.04j/Gh Release date Jun 2021 Hashrate 84 Th/s Power 3360 W Algorithm SHA-256 Top Coin Profit -$4.87 /day
,Heatbit,Heatbit Heatbit Trio ( 10 Th ) Heatbit Trio ( 10 Th ),Feb 2025,10 Th/s,400 W,SHA-256,-$0.58 /day,0.04j/Gh,-$0.58 /day Add to Wish list Add to My Rig View favorites Heatbit Heatbit Trio Bitcoin 10Th/s SHA-256 400W 0.04j/Gh Release date Feb 2025 Hashrate 10 Th/s Power 400 W Algorithm SHA-256 Top Coin Profit -$0.58 /day
,Bitmain,Bitmain Antminer S17+ ( 73 Th ) Antminer S17+ ( 73 Th ),Dec 2019,73 Th/s,2920 W,SHA-256,-$4.23 /day,0.04j/Gh,-$4.23 /day Add to Wish list Add to My Rig View favorites Bitmain Antminer S17+ Bitcoin 73Th/s SHA-256 2920W 0.04j/Gh Release date Dec 2019 Hashrate 73 Th/s Power 2920 W Algorithm SHA-256 Top Coin Profit -$4.23 /day
,Braiins,Braiins BMM100 ( 1 Th ) BMM100 ( 1 Th ),Jun 2024,1 Th/s,40 W,SHA-256,-$0.06 /day,0.04j/Gh,1 in 18042 /year Add to Wish list Add to My Rig View favorites Braiins BMM100 Bitcoin 1Th/s SHA-256 40W 0.04j/Gh Release date Jun 2024 Hashrate 1 Th/s Power 40 W Algorithm SHA-256 Top Coin Profit -$0.06 /day
,Braiins,Braiins BMM101 ( 1 Th ) BMM101 ( 1 Th ),Apr 2025,1 Th/s,40 W,SHA-256,-$0.06 /day,0.04j/Gh,1 in 18042 /year Add to Wish list Add to My Rig View favorites Braiins BMM101 Bitcoin 1Th/s SHA-256 40W 0.04j/Gh Release date Apr 2025 Hashrate 1 Th/s Power 40 W Algorithm SHA-256 Top Coin Profit -$0.06 /day
,Canaan,Canaan AvalonMiner 1166 Pro ( 81 Th ) AvalonMiner 1166 Pro ( 81 Th ),Aug 2020,81 Th/s,3400 W,SHA-256,-$5.08 /day,0.042j/Gh,-$5.08 /day Add to Wish list Add to My Rig View favorites Canaan AvalonMiner 1166 Pro Bitcoin 81Th/s SHA-256 3400W 0.042j/Gh Release date Aug 2020 Hashrate 81 Th/s Power 3400 W Algorithm SHA-256 Top Coin Profit -$5.08 /day
,MicroBT,MicroBT Whatsminer M31S+ ( 80 Th ) Whatsminer M31S+ ( 80 Th ),Dec 2020,80 Th/s,3360 W,SHA-256,-$5.02 /day,0.042j/Gh,-$5.02 /day Add to Wish list Add to My Rig View favorites MicroBT Whatsminer M31S+ Bitcoin 80Th/s SHA-256 3360W 0.042j/Gh Release date Dec 2020 Hashrate 80 Th/s Power 3360 W Algorithm SHA-256 Top Coin Profit -$5.02 /day
,Innosilicon,Innosilicon T3+ 52T ( 52 Th ) T3+ 52T ( 52 Th ),Apr 2019,52 Th/s,2800 W,SHA-256,-$3.30 /day,0.042j/Gh,-$3.30 /day Add to Wish list Add to My Rig View favorites Innosilicon T3+ 52T Bitcoin 52Th/s SHA-256 2800W 0.042j/Gh Release date Apr 2019 Hashrate 52 Th/s Power 2800 W Algorithm SHA-256 Top Coin Profit -$3.30 /day
,MicroBT,MicroBT Whatsminer M31S ( 76 Th ) Whatsminer M31S ( 76 Th ),Apr 2020,76 Th/s,3220 W,SHA-256,-$5.14 /day,0.044j/Gh,-$5.14 /day Add to Wish list Add to My Rig View favorites MicroBT Whatsminer M31S Bitcoin 76Th/s SHA-256 3220W 0.044j/Gh Release date Apr 2020 Hashrate 76 Th/s Power 3220 W Algorithm SHA-256 Top Coin Profit -$5.14 /day
,Bitmain,Bitmain Antminer S17e ( 64 Th ) Antminer S17e ( 64 Th ),Oct 2019,64 Th/s,2880 W,SHA-256,-$4.48 /day,0.045j/Gh,-$4.48 /day Add to Wish list Add to My Rig View favorites Bitmain Antminer S17e Bitcoin 64Th/s SHA-256 2880W 0.045j/Gh Release date Oct 2019 Hashrate 64 Th/s Power 2880 W Algorithm SHA-256 Top Coin Profit -$4.48 /day
,Bitmain,Bitmain Antminer S17 ( 53 Th ) Antminer S17 ( 53 Th ),Apr 2019,53 Th/s,2385 W,SHA-256,-$3.71 /day,0.045j/Gh,-$3.71 /day Add to Wish list Add to My Rig View favorites Bitmain Antminer S17 Bitcoin 53Th/s SHA-256 2385W 0.045j/Gh Release date Apr 2019 Hashrate 53 Th/s Power 2385 W Algorithm SHA-256 Top Coin Profit -$3.71 /day
,Ebang,Ebang Ebit E11++ ( 44 Th ) Ebit E11++ ( 44 Th ),Oct 2018,44 Th/s,1980 W,SHA-256,-$3.08 /day,0.045j/Gh,-$3.08 /day Add to Wish list Add to My Rig View favorites Ebang Ebit E11++ Bitcoin 44Th/s SHA-256 1980W 0.045j/Gh Release date Oct 2018 Hashrate 44 Th/s Power 1980 W Algorithm SHA-256 Top Coin Profit -$3.08 /day
,Bitmain,Bitmain Antminer S17 ( 56 Th ) Antminer S17 ( 56 Th ),Apr 2019,56 Th/s,2520 W,SHA-256,-$3.92 /day,0.045j/Gh,-$3.92 /day Add to Wish list Add to My Rig View favorites Bitmain Antminer S17 Bitcoin 56Th/s SHA-256 2520W 0.045j/Gh Release date Apr 2019 Hashrate 56 Th/s Power 2520 W Algorithm SHA-256 Top Coin Profit -$3.92 /day
,StrongU,StrongU Hornbill H8 ( 74 Th ) Hornbill H8 ( 74 Th ),Sep 2020,74 Th/s,3330 W,SHA-256,-$5.18 /day,0.045j/Gh,-$5.18 /day Add to Wish list Add to My Rig View favorites StrongU Hornbill H8 Bitcoin 74Th/s SHA-256 3330W 0.045j/Gh Release date Sep 2020 Hashrate 74 Th/s Power 3330 W Algorithm SHA-256 Top Coin Profit -$5.18 /day
,StrongU,StrongU STU-U8 ( 46 Th ) STU-U8 ( 46 Th ),Jul 2019,46 Th/s,2100 W,SHA-256,-$3.29 /day,0.046j/Gh,-$3.29 /day Add to Wish list Add to My Rig View favorites StrongU STU-U8 Bitcoin 46Th/s SHA-256 2100W 0.046j/Gh Release date Jul 2019 Hashrate 46 Th/s Power 2100 W Algorithm SHA-256 Top Coin Profit -$3.29 /day
,StrongU,StrongU STU-U8 Pro ( 60 Th ) STU-U8 Pro ( 60 Th ),Sep 2019,60 Th/s,2800 W,SHA-256,-$4.44 /day,0.047j/Gh,-$4.44 /day Add to Wish list Add to My Rig View favorites StrongU STU-U8 Pro Bitcoin 60Th/s SHA-256 2800W 0.047j/Gh Release date Sep 2019 Hashrate 60 Th/s Power 2800 W Algorithm SHA-256 Top Coin Profit -$4.44 /day
,Bolon Miner,Bolon Miner B11 ( 70 Th ) B11 ( 70 Th ),Aug 2021,70 Th/s,3300 W,SHA-256,-$5.26 /day,0.047j/Gh,-$5.26 /day Add to Wish list Add to My Rig View favorites Bolon Miner B11 Bitcoin 70Th/s SHA-256 3300W 0.047j/Gh Release date Aug 2021 Hashrate 70 Th/s Power 3300 W Algorithm SHA-256 Top Coin Profit -$5.26 /day
,Innosilicon,Innosilicon T3 43T ( 43 Th ) T3 43T ( 43 Th ),Jan 2019,43 Th/s,2100 W,SHA-256,-$3.41 /day,0.049j/Gh,-$3.41 /day Add to Wish list Add to My Rig View favorites Innosilicon T3 43T Bitcoin 43Th/s SHA-256 2100W 0.049j/Gh Release date Jan 2019 Hashrate 43 Th/s Power 2100 W Algorithm SHA-256 Top Coin Profit -$3.41 /day
,MicroBT,MicroBT Whatsminer M20S ( 68 Th ) Whatsminer M20S ( 68 Th ),Aug 2019,68 Th/s,3360 W,SHA-256,-$5.48 /day,0.049j/Gh,-$5.48 /day Add to Wish list Add to My Rig View favorites MicroBT Whatsminer M20S Bitcoin 68Th/s SHA-256 3360W 0.049j/Gh Release date Aug 2019 Hashrate 68 Th/s Power 3360 W Algorithm SHA-256 Top Coin Profit -$5.48 /day
,iPollo,iPollo B1L ( 60 Th ) B1L ( 60 Th ),Feb 2022,60 Th/s,3000 W,SHA-256,-$4.92 /day,0.05j/Gh,-$4.92 /day Add to Wish list Add to My Rig View favorites iPollo B1L Bitcoin 60Th/s SHA-256 3000W 0.05j/Gh Release date Feb 2022 Hashrate 60 Th/s Power 3000 W Algorithm SHA-256 Top Coin Profit -$4.92 /day
,Ebang,Ebang Ebit E12+ ( 50 Th ) Ebit E12+ ( 50 Th ),Sep 2019,50 Th/s,2500 W,SHA-256,-$4.10 /day,0.05j/Gh,-$4.10 /day Add to Wish list Add to My Rig View favorites Ebang Ebit E12+ Bitcoin 50Th/s SHA-256 2500W 0.05j/Gh Release date Sep 2019 Hashrate 50 Th/s Power 2500 W Algorithm SHA-256 Top Coin Profit -$4.10 /day
,Bitmain,Bitmain Antminer T17+ ( 64 Th ) Antminer T17+ ( 64 Th ),Dec 2019,64 Th/s,3200 W,SHA-256,-$5.25 /day,0.05j/Gh,-$5.25 /day Add to Wish list Add to My Rig View favorites Bitmain Antminer T17+ Bitcoin 64Th/s SHA-256 3200W 0.05j/Gh Release date Dec 2019 Hashrate 64 Th/s Power 3200 W Algorithm SHA-256 Top Coin Profit -$5.25 /day
,Canaan,Canaan AvalonMiner 1126 Pro ( 68 Th ) AvalonMiner 1126 Pro ( 68 Th ),Aug 2021,68 Th/s,3420 W,SHA-256,-$5.62 /day,0.05j/Gh,-$5.62 /day Add to Wish list Add to My Rig View favorites Canaan AvalonMiner 1126 Pro Bitcoin 68Th/s SHA-256 3420W 0.05j/Gh Release date Aug 2021 Hashrate 68 Th/s Power 3420 W Algorithm SHA-256 Top Coin Profit -$5.62 /day
,MicroBT,MicroBT Whatsminer M32S ( 66 Th ) Whatsminer M32S ( 66 Th ),Nov 2020,66 Th/s,3432 W,SHA-256,-$5.73 /day,0.052j/Gh,-$5.73 /day Add to Wish list Add to My Rig View favorites MicroBT Whatsminer M32S Bitcoin 66Th/s SHA-256 3432W 0.052j/Gh Release date Nov 2020 Hashrate 66 Th/s Power 3432 W Algorithm SHA-256 Top Coin Profit -$5.73 /day
,Canaan,Canaan AvalonMiner 1146 Pro ( 63 Th ) AvalonMiner 1146 Pro ( 63 Th ),Aug 2020,63 Th/s,3276 W,SHA-256,-$5.47 /day,0.052j/Gh,-$5.47 /day Add to Wish list Add to My Rig View favorites Canaan AvalonMiner 1146 Pro Bitcoin 63Th/s SHA-256 3276W 0.052j/Gh Release date Aug 2020 Hashrate 63 Th/s Power 3276 W Algorithm SHA-256 Top Coin Profit -$5.47 /day
,MicroBT,MicroBT Whatsminer M32 ( 62 Th ) Whatsminer M32 ( 62 Th ),Jul 2020,62 Th/s,3348 W,SHA-256,-$5.68 /day,0.054j/Gh,-$5.68 /day Add to Wish list Add to My Rig View favorites MicroBT Whatsminer M32 Bitcoin 62Th/s SHA-256 3348W 0.054j/Gh Release date Jul 2020 Hashrate 62 Th/s Power 3348 W Algorithm SHA-256 Top Coin Profit -$5.68 /day
,Ebang,Ebang Ebit E11+ ( 37 Th ) Ebit E11+ ( 37 Th ),Oct 2018,37 Th/s,2035 W,SHA-256,-$3.48 /day,0.055j/Gh,-$3.48 /day Add to Wish list Add to My Rig View favorites Ebang Ebit E11+ Bitcoin 37Th/s SHA-256 2035W 0.055j/Gh Release date Oct 2018 Hashrate 37 Th/s Power 2035 W Algorithm SHA-256 Top Coin Profit -$3.48 /day
,Bitmain,Bitmain Antminer T17e ( 53 Th ) Antminer T17e ( 53 Th ),Oct 2019,53 Th/s,2915 W,SHA-256,-$4.98 /day,0.055j/Gh,-$4.98 /day Add to Wish list Add to My Rig View favorites Bitmain Antminer T17e Bitcoin 53Th/s SHA-256 2915W 0.055j/Gh Release date Oct 2019 Hashrate 53 Th/s Power 2915 W Algorithm SHA-256 Top Coin Profit -$4.98 /day
,Bitmain,Bitmain Antminer T17 ( 40 Th ) Antminer T17 ( 40 Th ),May 2019,40 Th/s,2200 W,SHA-256,-$3.76 /day,0.055j/Gh,-$3.76 /day Add to Wish list Add to My Rig View favorites Bitmain Antminer T17 Bitcoin 40Th/s SHA-256 2200W 0.055j/Gh Release date May 2019 Hashrate 40 Th/s Power 2200 W Algorithm SHA-256 Top Coin Profit -$3.76 /day
,Innosilicon,Innosilicon T3 39T ( 39 Th ) T3 39T ( 39 Th ),Mar 2019,39 Th/s,2150 W,SHA-256,-$3.68 /day,0.055j/Gh,-$3.68 /day Add to Wish list Add to My Rig View favorites Innosilicon T3 39T Bitcoin 39Th/s SHA-256 2150W 0.055j/Gh Release date Mar 2019 Hashrate 39 Th/s Power 2150 W Algorithm SHA-256 Top Coin Profit -$3.68 /day
,Ebang,Ebang Ebit E12 ( 44 Th ) Ebit E12 ( 44 Th ),Sep 2019,44 Th/s,2500 W,SHA-256,-$4.33 /day,0.057j/Gh,-$4.33 /day Add to Wish list Add to My Rig View favorites Ebang Ebit E12 Bitcoin 44Th/s SHA-256 2500W 0.057j/Gh Release date Sep 2019 Hashrate 44 Th/s Power 2500 W Algorithm SHA-256 Top Coin Profit -$4.33 /day
,Bitmain,Bitmain Antminer S15 ( 28 Th ) Antminer S15 ( 28 Th ),Dec 2018,28 Th/s,1596 W,SHA-256,-$2.77 /day,0.057j/Gh,-$2.77 /day Add to Wish list Add to My Rig View favorites Bitmain Antminer S15 Bitcoin 28Th/s SHA-256 1596W 0.057j/Gh Release date Dec 2018 Hashrate 28 Th/s Power 1596 W Algorithm SHA-256 Top Coin Profit -$2.77 /day
,Innosilicon,Innosilicon T3+ 57T ( 57 Th ) T3+ 57T ( 57 Th ),Sep 2019,57 Th/s,3300 W,SHA-256,-$5.75 /day,0.058j/Gh,-$5.75 /day Add to Wish list Add to My Rig View favorites Innosilicon T3+ 57T Bitcoin 57Th/s SHA-256 3300W 0.058j/Gh Release date Sep 2019 Hashrate 57 Th/s Power 3300 W Algorithm SHA-256 Top Coin Profit -$5.75 /day
,MicroBT,MicroBT Whatsminer M21 ( 31 Th ) Whatsminer M21 ( 31 Th ),Aug 2019,31 Th/s,1860 W,SHA-256,-$3.29 /day,0.06j/Gh,-$3.29 /day Add to Wish list Add to My Rig View favorites MicroBT Whatsminer M21 Bitcoin 31Th/s SHA-256 1860W 0.06j/Gh Release date Aug 2019 Hashrate 31 Th/s Power 1860 W Algorithm SHA-256 Top Coin Profit -$3.29 /day
,MicroBT,MicroBT Whatsminer M21S ( 56 Th ) Whatsminer M21S ( 56 Th ),Jun 2019,56 Th/s,3360 W,SHA-256,-$5.94 /day,0.06j/Gh,-$5.94 /day Add to Wish list Add to My Rig View favorites MicroBT Whatsminer M21S Bitcoin 56Th/s SHA-256 3360W 0.06j/Gh Release date Jun 2019 Hashrate 56 Th/s Power 3360 W Algorithm SHA-256 Top Coin Profit -$5.94 /day
,Innosilicon,Innosilicon T3 50T ( 50 Th ) T3 50T ( 50 Th ),Jul 2019,50 Th/s,3100 W,SHA-256,-$5.54 /day,0.062j/Gh,-$5.54 /day Add to Wish list Add to My Rig View favorites Innosilicon T3 50T Bitcoin 50Th/s SHA-256 3100W 0.062j/Gh Release date Jul 2019 Hashrate 50 Th/s Power 3100 W Algorithm SHA-256 Top Coin Profit -$5.54 /day
,MicroBT,MicroBT Whatsminer M10S ( 55 Th ) Whatsminer M10S ( 55 Th ),Sep 2018,55 Th/s,3500 W,SHA-256,-$6.31 /day,0.064j/Gh,-$6.31 /day Add to Wish list Add to My Rig View favorites MicroBT Whatsminer M10S Bitcoin 55Th/s SHA-256 3500W 0.064j/Gh Release date Sep 2018 Hashrate 55 Th/s Power 3500 W Algorithm SHA-256 Top Coin Profit -$6.31 /day
,Canaan,Canaan AvalonMiner 1047 ( 37 Th ) AvalonMiner 1047 ( 37 Th ),Sep 2019,37 Th/s,2380 W,SHA-256,-$4.31 /day,0.064j/Gh,-$4.31 /day Add to Wish list Add to My Rig View favorites Canaan AvalonMiner 1047 Bitcoin 37Th/s SHA-256 2380W 0.064j/Gh Release date Sep 2019 Hashrate 37 Th/s Power 2380 W Algorithm SHA-256 Top Coin Profit -$4.31 /day
,MicroBT,MicroBT Whatsminer M10 ( 33 Th ) Whatsminer M10 ( 33 Th ),Sep 2018,33 Th/s,2145 W,SHA-256,-$3.89 /day,0.065j/Gh,-$3.89 /day Add to Wish list Add to My Rig View favorites MicroBT Whatsminer M10 Bitcoin 33Th/s SHA-256 2145W 0.065j/Gh Release date Sep 2018 Hashrate 33 Th/s Power 2145 W Algorithm SHA-256 Top Coin Profit -$3.89 /day
,Ebang,Ebang Ebit E11 ( 30 Th ) Ebit E11 ( 30 Th ),Oct 2018,30 Th/s,1950 W,SHA-256,-$3.54 /day,0.065j/Gh,-$3.54 /day Add to Wish list Add to My Rig View favorites Ebang Ebit E11 Bitcoin 30Th/s SHA-256 1950W 0.065j/Gh Release date Oct 2018 Hashrate 30 Th/s Power 1950 W Algorithm SHA-256 Top Coin Profit -$3.54 /day
,Canaan,Canaan AvalonMiner 1066 ( 50 Th ) AvalonMiner 1066 ( 50 Th ),Sep 2019,50 Th/s,3250 W,SHA-256,-$5.90 /day,0.065j/Gh,-$5.90 /day Add to Wish list Add to My Rig View favorites Canaan AvalonMiner 1066 Bitcoin 50Th/s SHA-256 3250W 0.065j/Gh Release date Sep 2019 Hashrate 50 Th/s Power 3250 W Algorithm SHA-256 Top Coin Profit -$5.90 /day
,Bitmain,Bitmain Antminer T15 ( 23 Th ) Antminer T15 ( 23 Th ),Dec 2018,23 Th/s,1541 W,SHA-256,-$2.82 /day,0.067j/Gh,-$2.82 /day Add to Wish list Add to My Rig View favorites Bitmain Antminer T15 Bitcoin 23Th/s SHA-256 1541W 0.067j/Gh Release date Dec 2018 Hashrate 23 Th/s Power 1541 W Algorithm SHA-256 Top Coin Profit -$2.82 /day
,Innosilicon,Innosilicon T2 Turbo+ 32T ( 32 Th ) T2 Turbo+ 32T ( 32 Th ),Sep 2018,32 Th/s,2200 W,SHA-256,-$4.06 /day,0.069j/Gh,-$4.06 /day Add to Wish list Add to My Rig View favorites Innosilicon T2 Turbo+ 32T Bitcoin 32Th/s SHA-256 2200W 0.069j/Gh Release date Sep 2018 Hashrate 32 Th/s Power 2200 W Algorithm SHA-256 Top Coin Profit -$4.06 /day
,Holic,Holic H22 ( 22 Th ) H22 ( 22 Th ),Dec 2018,22 Th/s,1700 W,SHA-256,-$3.00 /day,0.073j/Gh,-$3.00 /day Add to Wish list Add to My Rig View favorites Holic H22 Bitcoin 22Th/s SHA-256 1700W 0.073j/Gh Release date Dec 2018 Hashrate 22 Th/s Power 1700 W Algorithm SHA-256 Top Coin Profit -$3.00 /day
,Bitmain,Bitmain Antminer S11 ( 20.5 Th ) Antminer S11 ( 20.5 Th ),Oct 2018,20.5 Th/s,1530 W,SHA-256,-$2.89 /day,0.075j/Gh,-$2.89 /day Add to Wish list Add to My Rig View favorites Bitmain Antminer S11 Bitcoin 20.5Th/s SHA-256 1530W 0.075j/Gh Release date Oct 2018 Hashrate 20.5 Th/s Power 1530 W Algorithm SHA-256 Top Coin Profit -$2.89 /day
,Holic,Holic H28 ( 28 Th ) H28 ( 28 Th ),Dec 2018,28 Th/s,2100 W,SHA-256,-$3.98 /day,0.075j/Gh,-$3.98 /day Add to Wish list Add to My Rig View favorites Holic H28 Bitcoin 28Th/s SHA-256 2100W 0.075j/Gh Release date Dec 2018 Hashrate 28 Th/s Power 2100 W Algorithm SHA-256 Top Coin Profit -$3.98 /day
,Bitfury,Bitfury Tardis ( 80 Th ) Tardis ( 80 Th ),Nov 2018,80 Th/s,6300 W,SHA-256,-$12.08 /day,0.079j/Gh,-$12.08 /day Add to Wish list Add to My Rig View favorites Bitfury Tardis Bitcoin 80Th/s SHA-256 6300W 0.079j/Gh Release date Nov 2018 Hashrate 80 Th/s Power 6300 W Algorithm SHA-256 Top Coin Profit -$12.08 /day
,Innosilicon,Innosilicon T2 Turbo HF+ ( 33 Th ) T2 Turbo HF+ ( 33 Th ),Jul 2021,33 Th/s,2600 W,SHA-256,-$4.99 /day,0.079j/Gh,-$4.99 /day Add to Wish list Add to My Rig View favorites Innosilicon T2 Turbo HF+ Bitcoin 33Th/s SHA-256 2600W 0.079j/Gh Release date Jul 2021 Hashrate 33 Th/s Power 2600 W Algorithm SHA-256 Top Coin Profit -$4.99 /day
,Bitmain,Bitmain Antminer S9 SE ( 16 Th ) Antminer S9 SE ( 16 Th ),Jun 2019,16 Th/s,1280 W,SHA-256,-$2.46 /day,0.08j/Gh,-$2.46 /day Add to Wish list Add to My Rig View favorites Bitmain Antminer S9 SE Bitcoin 16Th/s SHA-256 1280W 0.08j/Gh Release date Jun 2019 Hashrate 16 Th/s Power 1280 W Algorithm SHA-256 Top Coin Profit -$2.46 /day
,Innosilicon,Innosilicon T2 Turbo 29T/30T ( 30 Th ) T2 Turbo 29T/30T ( 30 Th ),Jan 2021,30 Th/s,2400 W,SHA-256,-$4.62 /day,0.08j/Gh,-$4.62 /day Add to Wish list Add to My Rig View favorites Innosilicon T2 Turbo 29T/30T Bitcoin 30Th/s SHA-256 2400W 0.08j/Gh Release date Jan 2021 Hashrate 30 Th/s Power 2400 W Algorithm SHA-256 Top Coin Profit -$4.62 /day
,Innosilicon,Innosilicon T2 Turbo 26T ( 26 Th ) T2 Turbo 26T ( 26 Th ),Jun 2021,26 Th/s,2100 W,SHA-256,-$4.05 /day,0.081j/Gh,-$4.05 /day Add to Wish list Add to My Rig View favorites Innosilicon T2 Turbo 26T Bitcoin 26Th/s SHA-256 2100W 0.081j/Gh Release date Jun 2021 Hashrate 26 Th/s Power 2100 W Algorithm SHA-256 Top Coin Profit -$4.05 /day
,GMO miner,GMO miner B2 ( 24 Th ) B2 ( 24 Th ),Sep 2018,24 Th/s,1950 W,SHA-256,-$3.77 /day,0.081j/Gh,-$3.77 /day Add to Wish list Add to My Rig View favorites GMO miner B2 Bitcoin 24Th/s SHA-256 1950W 0.081j/Gh Release date Sep 2018 Hashrate 24 Th/s Power 1950 W Algorithm SHA-256 Top Coin Profit -$3.77 /day
,Innosilicon,Innosilicon T2 Turbo 25T ( 25 Th ) T2 Turbo 25T ( 25 Th ),Oct 2018,25 Th/s,2050 W,SHA-256,-$3.97 /day,0.082j/Gh,-$3.97 /day Add to Wish list Add to My Rig View favorites Innosilicon T2 Turbo 25T Bitcoin 25Th/s SHA-256 2050W 0.082j/Gh Release date Oct 2018 Hashrate 25 Th/s Power 2050 W Algorithm SHA-256 Top Coin Profit -$3.97 /day
,Innosilicon,Innosilicon T2 Turbo ( 24 Th ) T2 Turbo ( 24 Th ),Aug 2018,24 Th/s,1980 W,SHA-256,-$3.84 /day,0.083j/Gh,-$3.84 /day Add to Wish list Add to My Rig View favorites Innosilicon T2 Turbo Bitcoin 24Th/s SHA-256 1980W 0.083j/Gh Release date Aug 2018 Hashrate 24 Th/s Power 1980 W Algorithm SHA-256 Top Coin Profit -$3.84 /day
,Canaan,Canaan AvalonMiner 921 ( 20 Th ) AvalonMiner 921 ( 20 Th ),Sep 2018,20 Th/s,1700 W,SHA-256,-$3.32 /day,0.085j/Gh,-$3.32 /day Add to Wish list Add to My Rig View favorites Canaan AvalonMiner 921 Bitcoin 20Th/s SHA-256 1700W 0.085j/Gh Release date Sep 2018 Hashrate 20 Th/s Power 1700 W Algorithm SHA-256 Top Coin Profit -$3.32 /day
,Bitfily,Bitfily Snow Panther B1+ ( 24.5 Th ) Snow Panther B1+ ( 24.5 Th ),Aug 2018,24.5 Th/s,2100 W,SHA-256,-$4.11 /day,0.086j/Gh,-$4.11 /day Add to Wish list Add to My Rig View favorites Bitfily Snow Panther B1+ Bitcoin 24.5Th/s SHA-256 2100W 0.086j/Gh Release date Aug 2018 Hashrate 24.5 Th/s Power 2100 W Algorithm SHA-256 Top Coin Profit -$4.11 /day
,Bitfily,Bitfily Snow Panther B1 ( 16 Th ) Snow Panther B1 ( 16 Th ),Jul 2018,16 Th/s,1380 W,SHA-256,-$2.70 /day,0.086j/Gh,-$2.70 /day Add to Wish list Add to My Rig View favorites Bitfily Snow Panther B1 Bitcoin 16Th/s SHA-256 1380W 0.086j/Gh Release date Jul 2018 Hashrate 16 Th/s Power 1380 W Algorithm SHA-256 Top Coin Profit -$2.70 /day
,Innosilicon,Innosilicon T2 Terminator ( 17.2 Th ) T2 Terminator ( 17.2 Th ),May 2018,17.2 Th/s,1570 W,SHA-256,-$3.11 /day,0.091j/Gh,-$3.11 /day Add to Wish list Add to My Rig View favorites Innosilicon T2 Terminator Bitcoin 17.2Th/s SHA-256 1570W 0.091j/Gh Release date May 2018 Hashrate 17.2 Th/s Power 1570 W Algorithm SHA-256 Top Coin Profit -$3.11 /day
,Ebang,Ebang Ebit E10 ( 18 Th ) Ebit E10 ( 18 Th ),Jan 2018,18 Th/s,1650 W,SHA-256,-$3.28 /day,0.092j/Gh,-$3.28 /day Add to Wish list Add to My Rig View favorites Ebang Ebit E10 Bitcoin 18Th/s SHA-256 1650W 0.092j/Gh Release date Jan 2018 Hashrate 18 Th/s Power 1650 W Algorithm SHA-256 Top Coin Profit -$3.28 /day
,Halong Mining,Halong Mining DragonMint T1 ( 16 Th ) DragonMint T1 ( 16 Th ),Mar 2018,16 Th/s,1480 W,SHA-256,-$2.94 /day,0.093j/Gh,-$2.94 /day Add to Wish list Add to My Rig View favorites Halong Mining DragonMint T1 Bitcoin 16Th/s SHA-256 1480W 0.093j/Gh Release date Mar 2018 Hashrate 16 Th/s Power 1480 W Algorithm SHA-256 Top Coin Profit -$2.94 /day
,Bitmain,Bitmain Antminer S9j ( 14.5 Th ) Antminer S9j ( 14.5 Th ),Aug 2018,14.5 Th/s,1350 W,SHA-256,-$2.69 /day,0.093j/Gh,-$2.69 /day Add to Wish list Add to My Rig View favorites Bitmain Antminer S9j Bitcoin 14.5Th/s SHA-256 1350W 0.093j/Gh Release date Aug 2018 Hashrate 14.5 Th/s Power 1350 W Algorithm SHA-256 Top Coin Profit -$2.69 /day
,Bitmain,Bitmain Antminer S9i ( 14 Th ) Antminer S9i ( 14 Th ),May 2018,14 Th/s,1320 W,SHA-256,-$2.64 /day,0.094j/Gh,-$2.64 /day Add to Wish list Add to My Rig View favorites Bitmain Antminer S9i Bitcoin 14Th/s SHA-256 1320W 0.094j/Gh Release date May 2018 Hashrate 14 Th/s Power 1320 W Algorithm SHA-256 Top Coin Profit -$2.64 /day
,Canaan,Canaan AvalonMiner 841 ( 13.6 Th ) AvalonMiner 841 ( 13.6 Th ),Mar 2018,13.6 Th/s,1290 W,SHA-256,-$2.58 /day,0.095j/Gh,-$2.58 /day Add to Wish list Add to My Rig View favorites Canaan AvalonMiner 841 Bitcoin 13.6Th/s SHA-256 1290W 0.095j/Gh Release date Mar 2018 Hashrate 13.6 Th/s Power 1290 W Algorithm SHA-256 Top Coin Profit -$2.58 /day
,Aisen,Aisen A1 Pro ( 23 Th ) A1 Pro ( 23 Th ),May 2021,23 Th/s,2200 W,SHA-256,-$4.41 /day,0.096j/Gh,-$4.41 /day Add to Wish list Add to My Rig View favorites Aisen A1 Pro Bitcoin 23Th/s SHA-256 2200W 0.096j/Gh Release date May 2021 Hashrate 23 Th/s Power 2200 W Algorithm SHA-256 Top Coin Profit -$4.41 /day
,Bitmain,Bitmain Antminer S9 Hydro ( 18 Th ) Antminer S9 Hydro ( 18 Th ),Aug 2018,18 Th/s,1728 W,SHA-256,-$3.46 /day,0.096j/Gh,-$3.46 /day Add to Wish list Add to My Rig View favorites Bitmain Antminer S9 Hydro Bitcoin 18Th/s SHA-256 1728W 0.096j/Gh Release date Aug 2018 Hashrate 18 Th/s Power 1728 W Algorithm SHA-256 Top Coin Profit -$3.46 /day
,Bitmain,Bitmain Antminer S9k ( 13.5 Th ) Antminer S9k ( 13.5 Th ),Aug 2019,13.5 Th/s,1310 W,SHA-256,-$2.63 /day,0.097j/Gh,-$2.63 /day Add to Wish list Add to My Rig View favorites Bitmain Antminer S9k Bitcoin 13.5Th/s SHA-256 1310W 0.097j/Gh Release date Aug 2019 Hashrate 13.5 Th/s Power 1310 W Algorithm SHA-256 Top Coin Profit -$2.63 /day
,Bitmain,Bitmain Antminer R4 ( 8.7 Th ) Antminer R4 ( 8.7 Th ),Feb 2017,8.7 Th/s,845 W,SHA-256,-$1.70 /day,0.097j/Gh,-$1.70 /day Add to Wish list Add to My Rig View favorites Bitmain Antminer R4 Bitcoin 8.7Th/s SHA-256 845W 0.097j/Gh Release date Feb 2017 Hashrate 8.7 Th/s Power 845 W Algorithm SHA-256 Top Coin Profit -$1.70 /day
,Bitmain,Bitmain Antminer S9 ( 12.5 Th ) Antminer S9 ( 12.5 Th ),Feb 2017,12.5 Th/s,1225 W,SHA-256,-$2.46 /day,0.098j/Gh,-$2.46 /day Add to Wish list Add to My Rig View favorites Bitmain Antminer S9 Bitcoin 12.5Th/s SHA-256 1225W 0.098j/Gh Release date Feb 2017 Hashrate 12.5 Th/s Power 1225 W Algorithm SHA-256 Top Coin Profit -$2.46 /day
,Bitmain,Bitmain Antminer S9 ( 14 Th ) Antminer S9 ( 14 Th ),Nov 2017,14 Th/s,1372 W,SHA-256,-$2.76 /day,0.098j/Gh,-$2.76 /day Add to Wish list Add to My Rig View favorites Bitmain Antminer S9 Bitcoin 14Th/s SHA-256 1372W 0.098j/Gh Release date Nov 2017 Hashrate 14 Th/s Power 1372 W Algorithm SHA-256 Top Coin Profit -$2.76 /day
,Bitmain,Bitmain Antminer S9 ( 11.5 Th ) Antminer S9 ( 11.5 Th ),Jun 2017,11.5 Th/s,1127 W,SHA-256,-$2.27 /day,0.098j/Gh,-$2.27 /day Add to Wish list Add to My Rig View favorites Bitmain Antminer S9 Bitcoin 11.5Th/s SHA-256 1127W 0.098j/Gh Release date Jun 2017 Hashrate 11.5 Th/s Power 1127 W Algorithm SHA-256 Top Coin Profit -$2.27 /day
,Bitmain,Bitmain Antminer S9 ( 13.5 Th ) Antminer S9 ( 13.5 Th ),Aug 2017,13.5 Th/s,1323 W,SHA-256,-$2.66 /day,0.098j/Gh,-$2.66 /day Add to Wish list Add to My Rig View favorites Bitmain Antminer S9 Bitcoin 13.5Th/s SHA-256 1323W 0.098j/Gh Release date Aug 2017 Hashrate 13.5 Th/s Power 1323 W Algorithm SHA-256 Top Coin Profit -$2.66 /day
,Bitmain,Bitmain Antminer S9i ( 13 Th ) Antminer S9i ( 13 Th ),May 2018,13 Th/s,1280 W,SHA-256,-$2.60 /day,0.099j/Gh,-$2.60 /day Add to Wish list Add to My Rig View favorites Bitmain Antminer S9i Bitcoin 13Th/s SHA-256 1280W 0.099j/Gh Release date May 2018 Hashrate 13 Th/s Power 1280 W Algorithm SHA-256 Top Coin Profit -$2.60 /day
,Heatbit,Heatbit Heatbit ( 14 Th ) Heatbit ( 14 Th ),Nov 2022,14 Th/s,1400 W,SHA-256,-$2.83 /day,0.1j/Gh,-$2.83 /day Add to Wish list Add to My Rig View favorites Heatbit Heatbit Bitcoin 14Th/s SHA-256 1400W 0.1j/Gh Release date Nov 2022 Hashrate 14 Th/s Power 1400 W Algorithm SHA-256 Top Coin Profit -$2.83 /day
,Bitmain,Bitmain Antminer S9 ( 13 Th ) Antminer S9 ( 13 Th ),Jun 2017,13 Th/s,1300 W,SHA-256,-$2.63 /day,0.1j/Gh,-$2.63 /day Add to Wish list Add to My Rig View favorites Bitmain Antminer S9 Bitcoin 13Th/s SHA-256 1300W 0.1j/Gh Release date Jun 2017 Hashrate 13 Th/s Power 1300 W Algorithm SHA-256 Top Coin Profit -$2.63 /day
,GMO miner,GMO miner B3 ( 33 Th ) B3 ( 33 Th ),Oct 2018,33 Th/s,3417 W,SHA-256,-$6.95 /day,0.104j/Gh,-$6.95 /day Add to Wish list Add to My Rig View favorites GMO miner B3 Bitcoin 33Th/s SHA-256 3417W 0.104j/Gh Release date Oct 2018 Hashrate 33 Th/s Power 3417 W Algorithm SHA-256 Top Coin Profit -$6.95 /day
,Canaan,Canaan AvalonMiner 821 ( 11.5 Th ) AvalonMiner 821 ( 11.5 Th ),Jan 2018,11.5 Th/s,1200 W,SHA-256,-$2.44 /day,0.104j/Gh,-$2.44 /day Add to Wish list Add to My Rig View favorites Canaan AvalonMiner 821 Bitcoin 11.5Th/s SHA-256 1200W 0.104j/Gh Release date Jan 2018 Hashrate 11.5 Th/s Power 1200 W Algorithm SHA-256 Top Coin Profit -$2.44 /day
,Ebang,Ebang Ebit E9i ( 13.5 Th ) Ebit E9i ( 13.5 Th ),Jul 2018,13.5 Th/s,1420 W,SHA-256,-$2.89 /day,0.105j/Gh,-$2.89 /day Add to Wish list Add to My Rig View favorites Ebang Ebit E9i Bitcoin 13.5Th/s SHA-256 1420W 0.105j/Gh Release date Jul 2018 Hashrate 13.5 Th/s Power 1420 W Algorithm SHA-256 Top Coin Profit -$2.89 /day
,Ebang,Ebang Ebit E9.2 ( 12 Th ) Ebit E9.2 ( 12 Th ),May 2018,12 Th/s,1320 W,SHA-256,-$2.71 /day,0.11j/Gh,-$2.71 /day Add to Wish list Add to My Rig View favorites Ebang Ebit E9.2 Bitcoin 12Th/s SHA-256 1320W 0.11j/Gh Release date May 2018 Hashrate 12 Th/s Power 1320 W Algorithm SHA-256 Top Coin Profit -$2.71 /day
,Ebang,Ebang Ebit E9.3 ( 16 Th ) Ebit E9.3 ( 16 Th ),May 2018,16 Th/s,1760 W,SHA-256,-$3.62 /day,0.11j/Gh,-$3.62 /day Add to Wish list Add to My Rig View favorites Ebang Ebit E9.3 Bitcoin 16Th/s SHA-256 1760W 0.11j/Gh Release date May 2018 Hashrate 16 Th/s Power 1760 W Algorithm SHA-256 Top Coin Profit -$3.62 /day
,Bitfily,Bitfily Snow Panther A1 ( 49 Th ) Snow Panther A1 ( 49 Th ),Jan 2018,49 Th/s,5400 W,SHA-256,-$11.10 /day,0.11j/Gh,-$11.10 /day Add to Wish list Add to My Rig View favorites Bitfily Snow Panther A1 Bitcoin 49Th/s SHA-256 5400W 0.11j/Gh Release date Jan 2018 Hashrate 49 Th/s Power 5400 W Algorithm SHA-256 Top Coin Profit -$11.10 /day
,Pantech,Pantech SX6 ( 8.5 Th ) SX6 ( 8.5 Th ),Sep 2017,8.5 Th/s,1000 W,SHA-256,-$2.08 /day,0.118j/Gh,-$2.08 /day Add to Wish list Add to My Rig View favorites Pantech SX6 Bitcoin 8.5Th/s SHA-256 1000W 0.118j/Gh Release date Sep 2017 Hashrate 8.5 Th/s Power 1000 W Algorithm SHA-256 Top Coin Profit -$2.08 /day
,Bitmain,Bitmain Antminer T9 ( 12.5 Th ) Antminer T9 ( 12.5 Th ),Aug 2017,12.5 Th/s,1576 W,SHA-256,-$3.31 /day,0.126j/Gh,-$3.31 /day Add to Wish list Add to My Rig View favorites Bitmain Antminer T9 Bitcoin 12.5Th/s SHA-256 1576W 0.126j/Gh Release date Aug 2017 Hashrate 12.5 Th/s Power 1576 W Algorithm SHA-256 Top Coin Profit -$3.31 /day
,Bitmain,Bitmain Antminer T9 ( 11.5 Th ) Antminer T9 ( 11.5 Th ),Apr 2017,11.5 Th/s,1450 W,SHA-256,-$3.04 /day,0.126j/Gh,-$3.04 /day Add to Wish list Add to My Rig View favorites Bitmain Antminer T9 Bitcoin 11.5Th/s SHA-256 1450W 0.126j/Gh Release date Apr 2017 Hashrate 11.5 Th/s Power 1450 W Algorithm SHA-256 Top Coin Profit -$3.04 /day
,Bitfury,Bitfury B8 ( 49 Th ) B8 ( 49 Th ),Nov 2017,49 Th/s,6400 W,SHA-256,-$13.50 /day,0.131j/Gh,-$13.50 /day Add to Wish list Add to My Rig View favorites Bitfury B8 Bitcoin 49Th/s SHA-256 6400W 0.131j/Gh Release date Nov 2017 Hashrate 49 Th/s Power 6400 W Algorithm SHA-256 Top Coin Profit -$13.50 /day
,Bitmain,Bitmain Antminer T9+ ( 10.5 Th ) Antminer T9+ ( 10.5 Th ),Jan 2018,10.5 Th/s,1432 W,SHA-256,-$3.04 /day,0.136j/Gh,-$3.04 /day Add to Wish list Add to My Rig View favorites Bitmain Antminer T9+ Bitcoin 10.5Th/s SHA-256 1432W 0.136j/Gh Release date Jan 2018 Hashrate 10.5 Th/s Power 1432 W Algorithm SHA-256 Top Coin Profit -$3.04 /day
,Ebang,Ebang Ebit E10D ( 25 Th ) Ebit E10D ( 25 Th ),Sep 2021,25 Th/s,3500 W,SHA-256,-$7.45 /day,0.14j/Gh,-$7.45 /day Add to Wish list Add to My Rig View favorites Ebang Ebit E10D Bitcoin 25Th/s SHA-256 3500W 0.14j/Gh Release date Sep 2021 Hashrate 25 Th/s Power 3500 W Algorithm SHA-256 Top Coin Profit -$7.45 /day
,Ebang,Ebang Ebit E9+ ( 9 Th ) Ebit E9+ ( 9 Th ),Jan 2018,9 Th/s,1300 W,SHA-256,-$2.78 /day,0.144j/Gh,-$2.78 /day Add to Wish list Add to My Rig View favorites Ebang Ebit E9+ Bitcoin 9Th/s SHA-256 1300W 0.144j/Gh Release date Jan 2018 Hashrate 9 Th/s Power 1300 W Algorithm SHA-256 Top Coin Profit -$2.78 /day
,Pantech,Pantech WX6 ( 34 Th ) WX6 ( 34 Th ),Jan 2018,34 Th/s,5000 W,SHA-256,-$10.71 /day,0.147j/Gh,-$10.71 /day Add to Wish list Add to My Rig View favorites Pantech WX6 Bitcoin 34Th/s SHA-256 5000W 0.147j/Gh Release date Jan 2018 Hashrate 34 Th/s Power 5000 W Algorithm SHA-256 Top Coin Profit -$10.71 /day
,Canaan,Canaan AvalonMiner 741 ( 7.3 Th ) AvalonMiner 741 ( 7.3 Th ),Mar 2017,7.3 Th/s,1150 W,SHA-256,-$2.48 /day,0.158j/Gh,-$2.48 /day Add to Wish list Add to My Rig View favorites Canaan AvalonMiner 741 Bitcoin 7.3Th/s SHA-256 1150W 0.158j/Gh Release date Mar 2017 Hashrate 7.3 Th/s Power 1150 W Algorithm SHA-256 Top Coin Profit -$2.48 /day
,MicroBT,MicroBT Whatsminer M3X ( 12.5 Th ) Whatsminer M3X ( 12.5 Th ),Mar 2018,12.5 Th/s,2050 W,SHA-256,-$4.44 /day,0.164j/Gh,-$4.44 /day Add to Wish list Add to My Rig View favorites MicroBT Whatsminer M3X Bitcoin 12.5Th/s SHA-256 2050W 0.164j/Gh Release date Mar 2018 Hashrate 12.5 Th/s Power 2050 W Algorithm SHA-256 Top Coin Profit -$4.44 /day
,MicroBT,MicroBT Whatsminer M3 ( 12 Th ) Whatsminer M3 ( 12 Th ),Dec 2017,12 Th/s,2000 W,SHA-256,-$4.34 /day,0.167j/Gh,-$4.34 /day Add to Wish list Add to My Rig View favorites MicroBT Whatsminer M3 Bitcoin 12Th/s SHA-256 2000W 0.167j/Gh Release date Dec 2017 Hashrate 12 Th/s Power 2000 W Algorithm SHA-256 Top Coin Profit -$4.34 /day
,Ebang,Ebang Ebit E9 ( 6.3 Th ) Ebit E9 ( 6.3 Th ),Sep 2018,6.3 Th/s,1077 W,SHA-256,-$2.35 /day,0.171j/Gh,-$2.35 /day Add to Wish list Add to My Rig View favorites Ebang Ebit E9 Bitcoin 6.3Th/s SHA-256 1077W 0.171j/Gh Release date Sep 2018 Hashrate 6.3 Th/s Power 1077 W Algorithm SHA-256 Top Coin Profit -$2.35 /day
,Bitmain,Bitmain Antminer V9 ( 4 Th ) Antminer V9 ( 4 Th ),Feb 2018,4 Th/s,1027 W,SHA-256,-$2.31 /day,0.257j/Gh,-$2.31 /day Add to Wish list Add to My Rig View favorites Bitmain Antminer V9 Bitcoin 4Th/s SHA-256 1027W 0.257j/Gh Release date Feb 2018 Hashrate 4 Th/s Power 1027 W Algorithm SHA-256 Top Coin Profit -$2.31 /day
,Bitmain,Bitmain Antminer S7-LN ( 2.7 Th ) Antminer S7-LN ( 2.7 Th ),May 2016,2.7 Th/s,697 W,SHA-256,-$1.57 /day,0.258j/Gh,-$1.57 /day Add to Wish list Add to My Rig View favorites Bitmain Antminer S7-LN Bitcoin 2.7Th/s SHA-256 697W 0.258j/Gh Release date May 2016 Hashrate 2.7 Th/s Power 697 W Algorithm SHA-256 Top Coin Profit -$1.57 /day
,Bitmain,Bitmain Antminer S7 ( 4.73 Th ) Antminer S7 ( 4.73 Th ),Sep 2015,4.73 Th/s,1293 W,SHA-256,-$2.92 /day,0.273j/Gh,-$2.92 /day Add to Wish list Add to My Rig View favorites Bitmain Antminer S7 Bitcoin 4.73Th/s SHA-256 1293W 0.273j/Gh Release date Sep 2015 Hashrate 4.73 Th/s Power 1293 W Algorithm SHA-256 Top Coin Profit -$2.92 /day
,Bitmain,Bitmain Antminer S5 ( 1.155 Th ) Antminer S5 ( 1.155 Th ),Dec 2014,1.155 Th/s,590 W,SHA-256,-$1.37 /day,0.511j/Gh,-$1.37 /day Add to Wish list Add to My Rig View favorites Bitmain Antminer S5 Bitcoin 1.155Th/s SHA-256 590W 0.511j/Gh Release date Dec 2014 Hashrate 1.155 Th/s Power 590 W Algorithm SHA-256 Top Coin Profit -$1.37 /day
,Bitmain,Bitmain Antminer S3 ( 478 Gh ) Antminer S3 ( 478 Gh ),Jul 2014,478 Gh/s,366 W,SHA-256,-$0.86 /day,0.766j/Gh,-$0.86 /day Add to Wish list Add to My Rig View favorites Bitmain Antminer S3 Bitcoin 478Gh/s SHA-256 366W 0.766j/Gh Release date Jul 2014 Hashrate 478 Gh/s Power 366 W Algorithm SHA-256 Top Coin Profit -$0.86 /day
